order,english,russian,turkish,spanish,portuguese,,,,,
,Free,,,,,,,,,
getFullVersion,FULL PACKAGE,,,,,,,,,
korean,한국어,,,,,,,,,
english,English,,,,,,,,,
russian,Русский,,,,,,,,,
french,français,,,,,,,,,
turkish,Türkçe,,,,,,,,,
Italian,Italian,,,,,,,,,
german,Deutsch,,,,,,,,,
spanish,Español,,,,,,,,,
japanese,日本語,,,,,,,,,
portuguese,Português,,,,,,,,,
language,Language,,,,,,,,,
menu,MENU,,,,,,,,,
ok,OK,,,,,,,,,
cancel,Cancel,,,,,,,,,
first purchase bonus,The first charge bonus,,,,,,,,,
free,Free,,,,,,,,,
exit,EXIT,,,,,,,,,
max level,MAX LEVEL,,,,,,,,,
hero alert,Heroes will be available in the game. All stages can be cleared without a hero. There are also stage the hero is prohibited.,,,,,,,,,
skill,SKILL,,,,,,,,,
attack capital,ATTACK,,,,,,,,,
success,SUCCESS,,,,,,,,,
setting,SETTINGS,,,,,,,,,
common hero,Common hero,,,,,,,,,
good hero,Good hero,,,,,,,,,
great hero,Great hero,,,,,,,,,
rare hero,Rare hero,,,,,,,,,
epic hero,Epic hero,,,,,,,,,
easy mode,Easy,,,,,,,,,
normal mode,Normal,,,,,,,,,
hell mode,Hell,,,,,,,,,
hard mode,Hard,,,,,,,,,
sort by rarity,Sort by rarity,,,,,,,,,
sort by slot,Sort by slot,,,,,,,,,
fusion,Fusion,,,,,,,,,
hero,Hero,,,,,,,,,
not enough slot,Not enough slots in the deck.,,,,,,,,,
network reset,Network Reset,,,,,,,,,
network reset warning,Network data will be erased. Scenario mode data is not affected. Do you want to continue?,,,,,,,,,
limited package,Limited Package,,,,,,,,,
martial art package,Monks package,,,,,,,,,
classic war package,War Basic Package,,,,,,,,,
master crew package,Master Crew,,,,,,,,,
crew manager package,Crew Manager,,,,,,,,,
you cannot build there,You can not build there,,,,,,,,,
mission cleared,MISSION CLEARED,,,,,,,,,
mission failed,MISSION FAILED,,,,,,,,,
premium retry,PREMIUM START,,,,,,,,,
premium retry desc,Re-start this stage with resources,,,,,,,,,
not enough barracks use gem,There is no barracks available. Do you want to use gems to finish the job?,,,,,,,,,
not enough worker use gem,All workers are constructing. Do you want to use gems to finish the job?,,,,,,,,,
already hired,This soldier is already hired.,,,,,,,,,
fire ask,Do you want to fire this soldier?,,,,,,,,,
yes,YES,,,,,,,,,
no,NO,,,,,,,,,
new soldiers,New soldiers are arriving,,,,,,,,,
deck,DECK,,,,,,,,,
inventory,INVENTORY,,,,,,,,,
inventory full,Not enough space in Inventory,,,,,,,,,
refresh,Refresh,,,,,,,,,
surrender,Surrender,,,,,,,,,
next match,Next opponent,,,,,,,,,
select ground to place soldiers,Pressing empty ground will start the battle,,,,,,,,,
not enough soliders,There is no soldier to attack.,,,,,,,,,
revenge,Revenge,,,,,,,,,
defence record,Defence record,,,,,,,,,
top rank,Top rank,,,,,,,,,
visit,VISIT,,,,,,,,,
sound,Sound,,,,,,,,,
receive,Receive,,,,,,,,,
day 1,Day 1,,,,,,,,,
24 hours,24 hours,,,,,,,,,
6 hours,6 hours,,,,,,,,,
shield desc,Protecting your resources,,,,,,,,,
expired,Expired,,,,,,,,,
hero tutorial 0,Welcome to the hero page. Heroes will help you in the campaign. You can get a hero here.,,,,,,,,,
hero tutorial 1,Now you got a hero. You can move the hero to the deck. Only the heroes on the deck will appear in the campaign.,,,,,,,,,
hero tutorial 2,Good job! Now heroes are ready to aid your battle in the campaign.,,,,,,,,,
hero tutorial 3,Try collecting as many heroes as you can. Heroes can be more powerful by level-up and fusion. You should try it. Good luck!,,,,,,,,,
battle record tutorial,"In this page, you can see who attacked you. Also you can check the top players and try attack them. If you do not want to lose any resource from battle, then use the shield to protect your resources.",,,,,,,,,
daily mission 0,Win an Arena battle,,,,,,,,,
daily mission 1,Win a CAMPAIGN,,,,,,,,,
daily mission 2,Win a network battle,,,,,,,,,
daily mission 3,Win a local battle,,,,,,,,,
network battle,Network battle,,,,,,,,,
local battle,Local battle,,,,,,,,,
challenge,Challenge,,,,,,,,,
daily mission,Daily mission,,,,,,,,,
daily reward,Daily reward,,,,,,,,,
special offer,Special offer,,,,,,,,,
ask special offer last,Special offer expired. It is the last chance. Do you want to see the items?,,,,,,,,,
upgrade castle alert,Unit's level can't exceed the castle's level.,,,,,,,,,
max level alert,Your already have reached the max level.,,,,,,,,,
last chance,Last chance,,,,,,,,,
single play,Single Play,,,,,,,,,
multi play,Multi Play,,,,,,,,,
find match,Find Match,,,,,,,,,
gem,Gem,,,,,,,,,
or,Or,,,,,,,,,
shop,Shop,,,,,,,,,
log,Log,,,,,,,,,
daily,Daily,,,,,,,,,
info,Info,,,,,,,,,
training,Training,,,,,,,,,
cut,Cut,,,,,,,,,
upgrade,Upgrade,,,,,,,,,
complete,Complete,,,,,,,,,
buy only once,You can buy this item only once.,,,,,,,,,
information,Information,,,,,,,,,
draw rate,Draw odds,,,,,,,,,
defence record none,No defensive record. Use the protective shield to protect your resources.,,,,,,,,,
defence record exist,There are defensive record. Come fight back to regain the resource.,,,,,,,,,
tip0,"If you double-tap a soldier, you can select all the same kind of soldiers.",,,,,,,,,
gold reached max,Upgrade the castle to store more gold.,,,,,,,,,
tree reached max,Upgrade the castle to store more lumber.,,,,,,,,,
banned description,"Hacking or abusing has been detected. Your account will be banned. If you had any question, send email to sachoi1103@gmail.com",,,,,,,,,
battle tutorial 0,Welcome to the battle mode.,,,,,,,,,
battle tutorial 1,You can collect gold from the mine. It produces gold automatically. So don't forget to visit and collect gold.,,,,,,,,,
battle tutorial 2,You can collect lumber by cutting the trees. Build a lumber mill for more lumber.,,,,,,,,,
battle tutorial 3,"If you have enough resources, then build Barracks to hire soldiers.",,,,,,,,,
battle tutorial 4,Hire and upgrade your soldiers in Barracks.,,,,,,,,,
battle tutorial 5,Visit the shop. You will see what you can build.,,,,,,,,,
battle tutorial 6,You should build as many buildings as possible. It will be useful.,,,,,,,,,
battle tutorial 7,You can move building by dragging. But you cannot move trees.,,,,,,,,,
battle tutorial 8,Other players can attack your village. And they can steal your resources.,,,,,,,,,
battle tutorial 9,Shield will protect your resouces from stealing.,,,,,,,,,
battle tutorial 10,"Build buildings, hire soldiers and raid other village. And win the battle!",,,,,,,,,
battle tutorial reward,Tutorial reward,,,,,,,,,
resting,Resting,,,,,,,,,
attack,Attack,,,,,,,,,
level 10 castle required,Level-10-Castle is required,,,,,,,,,
wizard burn tree,A wizard can destroy the trees.,,,,,,,,,
next free pick,NEXT FREE PICK,,,,,,,,,
stage title 2_0,A lone journey,,,,,,,,,
stage title 2_1,Unexpected enemies,,,,,,,,,
stage title 2_2,Distorted ally,,,,,,,,,
stage title 2_3,Under the waterfall,,,,,,,,,
stage title 2_4,Surrounded,,,,,,,,,
stage title 2_5,Rage,,,,,,,,,
stage title 2_6,Prophecy,,,,,,,,,
stage title 2_7,Public enemy,,,,,,,,,
stage title 2_8,Revenger,,,,,,,,,
stage title 2_9,Destroyer,,,,,,,,,
stage title 2_10,The legend,,,,,,,,,
stage title 2_11,Resurrection,,,,,,,,,
stage title story 2_0,"Khalan defeated Newman in the last battle. However, it was not easy to catch the sneaky goblins. Khalan knew. If he does not catch him now, another war will soon take place. So he decided to catch Newman and left his way to catch him, alone.",,,,,,,,,
stage title story 2_1,"The enemies we encountered while pursuing Newman were not mere robbers. Newman had secured a break-out in case he failed in the war. It was an enemy but I could not help feeling awe. However, he could not forgive him for threatening both Orc and Human. He started chasing Newman along the trail again.",,,,,,,,,
stage title story 2_2,"Khalan encountered a large army while pursuing Newman. It was too large a force to be prepared for the failure of the war. It must have formed a partnership with the nearby Neutral tribe. They are innocent tribes, but he could not avoid this battle to prevent further damage in the future.",,,,,,,,,
stage title story 2_3,"Khalan wins the battle with the Neutral tribe and arrives at the waterfall. And he was able to meet elite soldiers who escorted Newman there. Their energy, which seemed to be the last, felt Khalan. Khalan also felt that this would be a tough battle.",,,,,,,,,
stage title story 2_4,"Khalan, who poured all his strength into battle with elite soldiers, was hardly even standing on two legs. But Khalan, who was convinced that Newman was hiding over the falls, could not afford to rest. But soon another soldier blocked his exit. And when Khalan realized that all this was a trap, it was already too late.",,,,,,,,,
stage title story 2_5,"Khalan, who survived dramatically with the help of Adun, realized by watching the waterfall. The defeat of Newman in the Allies' Great Battle was also part of the plan for this trap. And how many lives had to be sacrificed for this great trap. Khalan, in anger, jumped into the waterfall and rushed to Newman, where he was waiting for Khalan.",,,,,,,,,
stage title story 2_6,"Newman who waited in the waterfall was a fake. It was not clear whether it was his ability or the ability of another shaman. The important thing is that this can be another trap. Khalan had to think about the next act as soon as possible to avoid having another victim. At that very moment, a little child hiding behind the rock approached Khalan and told him about where Newman was. And he told me what Newman said about the prophecy.",,,,,,,,,
stage title story 2_7,"Khalan was able to find Newman's trail in the direction the little boy was pointing. There was no prepared force. Newman also seemed to have failed to predict that the trap would fail. However, because of the battle with the Neutral tribe that had taken place in the past, Khalan was already treated as the greatest enemy in this area.",,,,,,,,,
stage title story 2_8,"The battle with the Neutral tribe was fierce. However, most of the tribes dropped the blade for Khalan as a testimony of the child he met at the waterfall. It was only a short time for Khalan to be relieved. In the last battle, the army led by the one who lost his brother and his parents blocked the way of Caran.",,,,,,,,,
stage title story 2_9,"Khalan had thought that too much life had been sacrificed in the war to stop Newman. But that was only a moment. The secret agent sent by Adun came back with bad news. It was news that Newman was trying to resurrect the legendary Devil. Adun could not believe the story. But as soon as he heard the news, Khalan gave his army an order to advance.",,,,,,,,,
stage title story 2_10,"Khalan told the truth to Adun. All the fables about the devil that were passed on to the humans were all true. There were human, orc and warriors of the Elves beside the goddess who sealed the devil a thousand years ago. But in that war, two of the four goddesses perished. After a thousand years, the devil will soon be resurrected. But there was still 3 years. Human and Elf decided to use weapons of the immortal goddess to make weapons capable of damaging the devil, while Orc promised to keep the sealed place of the devil. And Khalan was convinced that Newman was heading there.",,,,,,,,,
stage title story 2_11,"After the battle with the orcs who had lost their temper in the aftermath of the sealed devil, Khalan was able to meet Newman at the altar. Although Humans and the elves may remember the promise of a thousand years ago, Khalan could not give up the fate of the Orcs. In fact, Khaland was not convinced that the story of the devil was true. But Khalan had to stop the Newman in front of his eyes. Before he made another mistake.",,,,,,,,,
khalan,Khalan,,,,,,,,,
heroes arena,HEROES ARENA,,,,,,,,,
needs 12 heroes,You need 12 heroes on the deck.,,,,,,,,,
map desc,Upload a map that you created. Please play it by yourself before you upload it. And the bad uploader will be banned from this game.,,,,,,,,,
map of week,Map of the week,,,,,,,,,
forum,Forum,,,,,,,,,
chapter unlock condition,You need to complete all previous chapters.,,,,,,,,,
do not use special character,A special text is not allowed.,,,,,,,,,
worker condition 0,Lucky day,,,,,,,,,
worker condition 1,Finish the first chapter,,,,,,,,,
worker condition 2,Win the arena for 20 times,,,,,,,,,
worker condition 3,Finish the episode orc,,,,,,,,,
gold text,Gold,,,,,,,,,
lumber text,Lumber,,,,,,,,,
produced unit,Produced Unit,,,,,,,,,
killed unit,Killed Unit,,,,,,,,,
failed to find match,"Failed to find an opponent. Try it again, later.",,,,,,,,,
tree,Tree,,,,,,,,,
win,WIN,,,,,,,,,
lose,LOST,,,,,,,,,
used,Used,,,,,,,,,
earned,Earned,,,,,,,,,
league,League,,,,,,,,,
next league,NEXT LEAGUE,,,,,,,,,
time,Time,,,,,,,,,
gem pack,GEM PACK,,,,,,,,,
starter pack,STARTER PACK,,,,,,,,,
info,INFO,,,,,,,,,
train,TRAIN,,,,,,,,,
network fail play offline,Failed to connect to the server. Play offline and try it later.,,,,,,,,,
play colosseum,Play arena and let others admire you,,,,,,,,,
drag to select,DRAG TO SELECT,,,,,,,,,
name,Nick Name,,,,,,,,,
input name,Input your name,,,,,,,,,
same name exist,The name is already in use,,,,,,,,,
name registered,Your name is saved,,,,,,,,,
new user,New User,,,,,,,,,
existing user,Existing User,,,,,,,,,
user id,User ID,,,,,,,,,
is new user,Are you a new user?,,,,,,,,,
change,Change,,,,,,,,,
account change,Account Change,,,,,,,,,
change name,Name Change,,,,,,,,,
change name alert,Don’t use bad words for your name. And report any insulting name. Here we inform you that any bad name can be changed by manager without warning.,,,,,,,,,
hire,HIRE,,,,,,,,,
fire,FIRE,,,,,,,,,
remove from deck,REMOVE FROM DECK,,,,,,,,,
move to deck,MOVE TO DECK,,,,,,,,,
password,Password,,,,,,,,,
confirm password,Confirm password,,,,,,,,,
upgrade time,Upgrade Time,,,,,,,,,
upgrade,UPGRADE,,,,,,,,,
enemy killed,Killed Enemy,,,,,,,,,
your rank,My rank,,,,,,,,,
purchase success,PURCHASE COMPLETE,,,,,,,,,
colosseum,ARENA,,,,,,,,,
top,TOP,,,,,,,,,
video not available,Video is not available now,,,,,,,,,
ticket received,You received a golden ticket.,,,,,,,,,
battle,Battle,,,,,,,,,
food provide,Provide food,,,,,,,,,
BEGINNER,BEGINNER,,,,,,,,,
BRONZE,BRONZE,,,,,,,,,
SILVER,SILVER,,,,,,,,,
GOLD,GOLD,,,,,,,,,
PLATINUM,PLATINUM,,,,,,,,,
DIAMOND,DIAMOND,,,,,,,,,
MASTER,MASTER,,,,,,,,,
GRAND MASTER,GRAND MASTER,,,,,,,,,
LEGENDARY,LEGENDARY,,,,,,,,,
congratulations,Congratulations,,,,,,,,,
ask email,Questions,,,,,,,,,
chapter,Chapter,,,,,,,,,
castle desc,HQ of the army. Workers can be trained in this building.,,,,,,,,,
barbecue desc,This is where Orcs providing food for their troop.,,,,,,,,,
temple desc,Wizards are trained here. Do not try to get on the stage without permission.,,,,,,,,,
farm desc,Farm produces food. More food = More soldiers.,,,,,,,,,
barracks desc,Soldiers can be upgraded in this building.,,,,,,,,,
underground bunker desc,Defense forces are hidden in this bunker until a flare is triggered.,,,,,,,,,
trigger desc,Defense force will come out from underground bunkers when this flare is triggered.,,,,,,,,,
lumbermill desc,Workers can store lumbers in this building. Processed lumbers from this building is required for building more complicated ones.,,,,,,,,,
watcher tower desc,Watcher tower will attack the intruders.,,,,,,,,,
factory desc,Factory produces big units like a Catapult.,,,,,,,,,
airport desc,Helicopters can be trained in this building. They need more skills than just flying.,,,,,,,,,
mine desc,You can dig for gold in a gold mine.,,,,,,,,,
orc hq desc,Orc's patriarch is staying here.,,,,,,,,,
orc barracks desc,It is the place to train Orc troops.,,,,,,,,,
orc bunker desc,Orc arrows fly from here. None of the humans who entered this place survived.,,,,,,,,,
orc troll house desc,A house where a cowardly troll is living.,,,,,,,,,
worker desc,Workers gather gold and lumbers.,,,,,,,,,
swordman desc,A swordman is a noble warrior who is fast and strong.,,,,,,,,,
archer desc,Archers can attack enemies who are in long distance.,,,,,,,,,
wizard desc,Wizards do magic stuff and punish evil.,,,,,,,,,
helicopter desc,Helicopters can fly and they attack with gravel.,,,,,,,,,
catapult desc,This unit is very slow. But nothing is more powerful than this. Hordes of zombies can only be destroyed by this unit.,,,,,,,,,
orc worker desc,Goblin gathers gold and lumber for Orcs.,,,,,,,,,
goblin desc,GOBLINs are fast and very greedy.,,,,,,,,,
goblin bomb desc,They are carrying a bomb that can blow everything.,,,,,,,,,
orc axe desc,An orc's axe is very dangerous.,,,,,,,,,
orc spear desc,An orc's spear can fly like a bullet.,,,,,,,,,
troll desc,Troll is very heavy and slow.,,,,,,,,,
zombie orc axe desc,Once dead men never die.,,,,,,,,,
zombie swordman desc,Do you think they can die again?,,,,,,,,,
zombie orc axe,Infected orc warrior,,,,,,,,,
zombie swordman,Infected human,,,,,,,,,
hero orc desc,A leader of Orc must be able to defeat a troll with his bare hands.,,,,,,,,,
hero goblin desc,A goblin king can make a fireball.,,,,,,,,,
hero archer desc,This archer can shoot 4 arrows at once.,,,,,,,,,
hero werewolf desc,A human being with wolf claws is more dangerous than a beast.,,,,,,,,,
hero spearman desc,This spearman can peel the apple with his weapon.,,,,,,,,,
hero lizardman desc,A thousand year old lizard can use a weapon.,,,,,,,,,
hero monk desc,"Monks of training the mind. However, healthy mind comes from a healthy body. Their martial arts are decent.",,,,,,,,,
hero fighter desc,He is musulga polishing the martial arts. He is currently training kick.,,,,,,,,,
hero bear desc,Shaman can borrow the power of Bear. He became a bear because he could not bear the strength of a bear.,,,,,,,,,
hero healer desc,Fast healing magic can heal wounds. An essential forces that must be involved in the battle.,,,,,,,,,
hero knight desc,They are strong. It pulls the morale of the soldiers. Their existence itself is a large force of war.,,,,,,,,,
hero elf swordman desc,The average life span of the Elves is 10 times longer than humans. Their physical training was also excellent as you can not compare to that of humans. What if they learn the sword?,,,,,,,,,
hero assassin desc,"Their sword is fast, like a cat. And they work in the dark.",,,,,,,,,
hero lion desc,King of the jungle. The male lion is the lazy beasts.,,,,,,,,,
hero crazy werewolf desc,Wolf man standing under a full moon.,,,,,,,,,
hero crazy bear desc,Bears also love the full moon as a werewolf.,,,,,,,,,
hero crazy lion desc,The lion is just crazy.,,,,,,,,,
hero lady werewolf desc,Very attractive werewolf.,,,,,,,,,
hero lady lion desc,The female lion is strong in practice.,,,,,,,,,
hero lady bear desc,A female bear is stronger than the male.,,,,,,,,,
hero wizard desc,Senior wizards have a devastating spell.,,,,,,,,,
hero tanker desc,A magic can hurt him.,,,,,,,,,
hero skeleton desc,The dead men don't die.,,,,,,,,,
hero reaper desc,Have you seen him? Then you already ..,,,,,,,,,
hero ent desc,The spirits of the forest is extremely sensitive when he woke up.,,,,,,,,,
hero salamander desc,Fire Spirit is not a person.,,,,,,,,,
hero undine desc,Water Spirit is a little pretty.,,,,,,,,,
hero santa desc,Nobody knows why he is angry. We just hope for christmas gifts.,,,,,,,,,
hero rudolph desc,Rudolph's nose does not glow anymore. That is why she seems so angry.,,,,,,,,,
hero santadog desc,There is Santa in the dogs' world.,,,,,,,,,
hero mole desc,They live under the ground. So they dig it!,,,,,,,,,
hero penguin desc,Penguin is a bird. So they can fly!,,,,,,,,,
hero catinboots desc,This cat loves helping poor people.,,,,,,,,,
hero toymouse desc,The mouse is joke. But the bomb is serious.,,,,,,,,,
hero savagearcher desc,He doesn't know how to use. But he is still powerful.,,,,,,,,,
hero batmonster desc,He is always angry. Because he doesn't get enough sleep.,,,,,,,,,
hero memeat desc,Eat meats! So says he. But nobody actually saw him eat the meat.,,,,,,,,,
hero parasite desc,A powerful body is infected with a parasite.,,,,,,,,,
hero watermelon desc,It is watermelon's turn to cut the others.,,,,,,,,,
hero babymino desc,Don't underestimate him. Even though he is a baby. But he is as powerful as a warrior.,,,,,,,,,
hero mino desc,The axe is too heavy to carry. No wonder he can not escape the maze.,,,,,,,,,
hero kerberos desc,The center dog is the leader. Don't make him angry.,,,,,,,,,
hero lamia desc,The poor princess's distorted destiny!,,,,,,,,,
hero chunja desc,This little girl falls in love with a green monster.,,,,,,,,,
hero golem desc,A bird on his shoulder. Is it really just a bird?,,,,,,,,,
roll,ROLL,,,,,,,,,
clear chapter 2,You need to open chapter 2 to use this.,,,,,,,,,
clear previous chapter,This chapter can be opened once you clear all missions in the previous chapter or purchase the golden key.,,,,,,,,,
free app alert,"If you downloaded this game during the free-download promotion, there might be ads displayed.",,,,,,,,,
colosseum top 1,You took the top place of the league! I'm sure that people want to see you tomorrow as well.,,,,,,,,,
colosseum top 10,You are unbelievable. Look at how good you are in the colosseum. Here are your rewards!,,,,,,,,,
colosseum top 30,You are amazing! Here are your rewards for how great you were at the colosseum yesterday.,,,,,,,,,
colosseum top 100,You did well in yesterday's colosseum. Take your rewards and let me see you in the colosseum again.,,,,,,,,,
colosseum result,COLOSSEUM RESULT,,,,,,,,,
challenge arena,Be the first player to challenge today’s arena!,,,,,,,,,
rank,RANK,,,,,,,,,
reward,REWARD,,,,,,,,,
not enough ticket,Not enough tickets,,,,,,,,,
not enough gems,Not enough gems,,,,,,,,,
server fail try again,Failed to connect to the Server,,,,,,,,,
play,PLAY,,,,,,,,,
back key exit,What? Exit? Really?,,,,,,,,,
option,OPTION,,,,,,,,,
save,SAVE,,,,,,,,,
load,LOAD,,,,,,,,,
arena,ARENA,,,,,,,,,
coming soon,COMING SOON,,,,,,,,,
restore complete,Restore completed,,,,,,,,,
restore,Restore,,,,,,,,,
buy,BUY,,,,,,,,,
beta alert,This is in BETA state. It might not work properly :P,,,,,,,,,
select support,GET,,,,,,,,,
sign in google play,Sign in to Google Play Game Service,,,,,,,,,
sign in game center,Sign in to Game Center,,,,,,,,,
effect on,EFFECT ON,,,,,,,,,
effect off,EFFECT OFF,,,,,,,,,
music on,MUSIC ON,,,,,,,,,
music off,MUSIC OFF,,,,,,,,,
never show,Never show,,,,,,,,,
rate game,Please rate this game.,,,,,,,,,
exit game,Do you want to exit the game?,,,,,,,,,
enjoy game,Do you enjoy Cartoon Craft?,,,,,,,,,
select all,ALL FORCES,,,,,,,,,
select screen,FORCES ON SCREEN,,,,,,,,,
later,Later,,,,,,,,,
choose unit to upgrade,Choose a soldier that you want to upgrade.,,,,,,,,,
choose support,Get Support Force,,,,,,,,,
overwrite save data,Data already exists on the slot. Do you want to overwrite it?,,,,,,,,,
load data,Do you want to play the saved game?,,,,,,,,,
gold left,Gold Left: %d,,,,,,,,,
next,Next,,,,,,,,,
not available on this stage,Not available at this stage,,,,,,,,,
not enough gold,Not enough gold,,,,,,,,,
not enough lumber,Not enough lumber,,,,,,,,,
not enough food,Not enough food,,,,,,,,,
human,Human,,,,,,,,,
orc,Orc,,,,,,,,,
zombie,Zombie,,,,,,,,,
werewolf,Werewolf,,,,,,,,,
castle,Castle,,,,,,,,,
barbecue,Barbecue Party,,,,,,,,,
temple,Temple,,,,,,,,,
farm,Farm,,,,,,,,,
barracks,Barracks,,,,,,,,,
lumbermill,Lumber mill,,,,,,,,,
build orc barracks first,A weapon house is required.,,,,,,,,,
build barracks first,Build barracks first.,,,,,,,,,
build lumbermill first,Build a lumbermill first.,,,,,,,,,
watcher tower,Watch tower,,,,,,,,,
underground bunker,Underground Bunker,,,,,,,,,
trigger,Flare,,,,,,,,,
factory,Factory,,,,,,,,,
airport,Airport,,,,,,,,,
mine,Mine,,,,,,,,,
orc hq,HQ,,,,,,,,,
orc barracks,Weapon House,,,,,,,,,
orc bunker,Bunker,,,,,,,,,
orc troll house,Troll House,,,,,,,,,
worker,Worker,,,,,,,,,
swordman,Swordman,,,,,,,,,
archer,Archer,,,,,,,,,
wizard,Wizard,,,,,,,,,
helicopter,Helicopter,,,,,,,,,
catapult,Catapult,,,,,,,,,
orc axe,Orc Fighter,,,,,,,,,
orc spear,Orc Spear man,,,,,,,,,
troll,Troll,,,,,,,,,
orc worker,Goblin Worker,,,,,,,,,
goblin,Goblin,,,,,,,,,
goblin bomb,Bomber,,,,,,,,,
hero orc,Orc general,,,,,,,,,
hero goblin,Goblin king,,,,,,,,,
hero archer,Archer hero,,,,,,,,,
hero werewolf,Werewolf,,,,,,,,,
hero spearman,Spear hero,,,,,,,,,
hero lizardman,Lizard soldier,,,,,,,,,
hero monk,Monk,,,,,,,,,
hero fighter,Martial Fighter,,,,,,,,,
hero bear,The bear,,,,,,,,,
hero healer,Healer,,,,,,,,,
hero knight,Knight,,,,,,,,,
hero elf swordman,Sword Elf,,,,,,,,,
hero assassin,Assassin,,,,,,,,,
hero lion,Lion,,,,,,,,,
hero crazy werewolf,Crazy werewolf,,,,,,,,,
hero crazy bear,Crazy bear,,,,,,,,,
hero crazy lion,Crazy lion,,,,,,,,,
hero lady werewolf,The lady werewolf,,,,,,,,,
hero lady lion,The lady lion,,,,,,,,,
hero lady bear,The lady bear,,,,,,,,,
hero wizard,High wizard,,,,,,,,,
hero tanker,Tanker,,,,,,,,,
hero skeleton,Skeleton,,,,,,,,,
hero reaper,Reaper,,,,,,,,,
hero ent,Ent,,,,,,,,,
hero salamander,Salamander,,,,,,,,,
hero undine,Undine,,,,,,,,,
hero santa,Angry Santa,,,,,,,,,
hero rudolph,Rudolph,,,,,,,,,
hero santadog,Santa Dog,,,,,,,,,
hero mole,Mole,,,,,,,,,
hero penguin,Penguin,,,,,,,,,
hero catinboots,Cat of justice,,,,,,,,,
hero toymouse,Toy Mouse,,,,,,,,,
hero savagearcher,Savage Archer..?,,,,,,,,,
hero batmonster,Angry Batty,,,,,,,,,
hero memeat,ME MEAT,,,,,,,,,
hero parasite,Parasite,,,,,,,,,
hero watermelon,Watermelon,,,,,,,,,
hero babymino,Mino junior,,,,,,,,,
hero mino,Minotaur,,,,,,,,,
hero kerberos,Kerberos,,,,,,,,,
hero lamia,Lamia,,,,,,,,,
hero chunja,Chunja,,,,,,,,,
hero golem,Golem,,,,,,,,,
resume,RESUME,,,,,,,,,
stage title 0_0,Begin the journey,,,,,,,,,
stage title 0_1,Raid of Orcs,,,,,,,,,
stage title 0_2,Counter Attack,,,,,,,,,
stage title 0_3,Rise of Zombies,,,,,,,,,
stage title 0_4,Help Orcs,,,,,,,,,
stage title 0_5,Alliance,,,,,,,,,
stage title 0_6,Zombies King,,,,,,,,,
stage title 0_7,Swarm of Zombies,,,,,,,,,
stage title 0_8,Rise in Revolt,,,,,,,,,
stage title 0_9,Betrayer,,,,,,,,,
stage title 0_10,Hive of Zombies,,,,,,,,,
stage title 0_11,End of Zombies King,,,,,,,,,
stage title story 0_0,"Once upon a time, Humans and Orcs were there. They are fighting each other since forever. They didn’t even know why they are fighting. They just fight because their parents have been doing it. Then one day! Boom! They became friends. How? Because there was a huge threat rising in the north-east. But before we get there, you have to know how they build a farm and barracks. Then you need to learn how to train swordsmen. Are you ready?",,,,,,,,,
stage title story 0_1,"Orcs are a very aggressive race. But they are pretty much like humans. They sometimes ask questions about why orcs eat and smell things. It means they have ego. Just like human beings, they also do art work like painting and making sculptures. But there is one thing they don’t question, why they fight.  Nobody in the history of the Orcs has ever questioned why they have to fight. They fight just like animals. That was just their natural behavior. So, as usual, Orcs were excited thinking about a fight that will take place on the next day. But Adun the newbie general of human side already knew about the strategy the Orcs have planned. Thus he decided to attack them before the sunrise.",,,,,,,,,
stage title story 0_2,"Adun's victory didn't last long because the Orcs reacted fast. It only took a couple of hours for other orcs to enter the battlefield. It was impossible to win against hundreds of ocrs. Adun only had a dozen of swordsmen and archers after the glorious battle. But lucky for Adun, the orcs are very upset. They didn’t wait for the other troops. Once they arrived, they attacked. So Adun does not have to fight against hundreds of Orcs at once. They will have to fight a couple Orcs at once for hundred times. But it is not going to be easy, the Orcs are very strong. Adun needs one more trick. And he knows the best defense is offence. The orcs got a report that humans are defending themselves at their base. But humans are advancing forward. Who do you think will win the battle?",,,,,,,,,
stage title story 0_3,"The Orcs were heavily damaged from the last battle against humans. Khalan, the chief of the Orcs commanded to concentrate all the troops. It was time to face their biggest battle ever. But wait! Who is it? Someone with a strange mask shows up while laughing in a weird way. It took a few seconds before Adun recognized him. He is Lamington, the legendary hero that was kicked out from the army for having an affair with a female orc. The stories tell that he was dead. But that is not true. He is alive and standing in front of Adun. Because he is a huge fan of this hero, Adun has so many questions for him. Why is he here? What is he doing here? Why is his mask so weird?",,,,,,,,,
stage title story 0_4,"Lamington is not bluffing. He actually has superior army. And his first target was the Orcs. The Orcs are very aggressive and never pullback. But this time things are a little bit different. The Orcs are terrified. They fear not on the field. But when it comes to ghost and zombies they fear a lot. At that time Adun realized humans can’t defeat Lamington’s army either. Humans have to conclude an alliance with the Orcs. He hates Orcs, but zombies are the worst.",,,,,,,,,
stage title story 0_5,"So Adun saved the orc troops. They both hate each other. But not now. Now, they have a common enemy. There is a saying that an enemy of my enemy is my friend. Until the threat of zombies disappeared, they decided to put all their power into killing all the zombies. Everything looks promising. But it wasn’t. He has no idea what’s coming next.",,,,,,,,,
stage title story 0_6,"One of the Orcs troop accidentally witnessed Lamington is crawling into a house that looks like his shelter. Did they find his house? Is that really Lamington’s house? It doesn’t matter. If they can catch him, the war is over. Nobody can possibly find a single reason to hesitate. Adun gathers good men and made them sneak into the zone.",,,,,,,,,
stage title story 0_7,"The place they sneaked into was a trap. IT’S A TRAP! A swarm of zombies awaits them. It looks like there is no way out. A second before they gave up their lives, Adun saw a little light. God never gave up on them. They were is in the forest which by the way looks really familiar to them. It was almost a maze. Zombies got lost in the forest. Because they are not smart enough to find a way out. They have a final chance to save their lives.",,,,,,,,,
stage title story 0_8,Humans just survived through the critical trap. But who knows what’s coming next? An unexpected situation was waiting for them. The Orcs are killing each other. Adun’s jaw has dropped. And one of the axes flying over the field is heading to Adun! And right before the axe was about to make a knock knock joke on Adun’s head` someone hit the axe away and saved his life. It was Khalan. What happened to Orcs? It was a revolt. Some Orcs hates Humans way more than they hate Zombies. Adun has no other option but help surpress the revolt.,,,,,,,,,
stage title story 0_9,"The revolt of the orcs is over with the help of the humans. But` as I said` nobody knows what’s coming. This time, there is a problem in the army of the humans. A betrayer was helping Lamington. Why? Because he doesn’t like the fact that the Orcs and Humans are getting along. He is so furious about that which is why he decided to help Lamington to extinguish the Orcs and Humans on this planet. Sounds stuipid right?",,,,,,,,,
stage title story 0_10,"Now, there is no interruption. Just Zombies vs Human-Orc alliance. At first, it looks like the zombies won't stop coming. They just keep rising up from the ground. They are endless, but there is a hive of zombies. Without the hive they can’t continue infecting dead bodies. And it is in front of Adun’s army. It is not going to be easy. But it is something Adun must face.",,,,,,,,,
stage title story 0_11,The hive of Zombies is gone. No more fresh zombies are rising. Smashing the remaining zombies will save the world. And maybe another war will begin between Humans and the Orcs. But Adun is hoping for the Orcs might change after this battle. Maybe they can live in peace. Just like they do now. Adun is running towards the Zombies with a smile on his face thinking about a world without war.,,,,,,,,,
stage title 1_0,Beginning of the second war,,,,,,,,,
stage title 1_1,Suspicious Orcs,,,,,,,,,
stage title 1_2,Weird Human beings,,,,,,,,,
stage title 1_3,A stupid man,,,,,,,,,
stage title 1_4,Zombies again,,,,,,,,,
stage title 1_5,Betrayers again,,,,,,,,,
stage title 1_6,Overwhelming,,,,,,,,,
stage title 1_7,Another alliance,,,,,,,,,
stage title 1_8,Reconstruction,,,,,,,,,
stage title 1_9,A spy,,,,,,,,,
stage title 1_10,Frontline,,,,,,,,,
stage title 1_11,End of Numan,,,,,,,,,
stage title story 1_0,"The threat from the horde of zombies vanished. Humans and the Orcs started a war again. But it was a bit different than before. Khalan, the chief of the orcs, still think humans are naughty because they destroy nature. But he was surprised that they didn’t notice it themselves. So he started to think Humans are not only naughty but also stupid.",,,,,,,,,
stage title story 1_1,"Khalan was taking a walk during dawn. While he was walking, he found a few orcs that were acting weird. Some of them seem surprised to see Khalan. And some of them were hiding behind the trees. They looked like human rangers who hunt orcs. And finally he witnessed weird Orcs attacking other Orcs. Khalan was furious about what happened in front of his eyes. So he decided to kill the orcs who attacked its own family.",,,,,,,,,
stage title story 1_2,Khalan was scouting for a new outpost when he found something strange. Human workers are carrying lumbers to the Orcs HQ. That was not possible. Because Orcs have a rule that they do not enslave human beings. Captured humans were either killed or released. What happend?,,,,,,,,,
stage title story 1_3,"Before he could calm down from orcs attacking their own family, a strange human approached him. His name was Justin. He said that there are humans that don't like other humans who destroyed the forest. He wanted Khalan to help Justin’s army to attack the mean Humans. But Khalan did not believe him. And he kicked him out.",,,,,,,,,
stage title story 1_4,The threat from the horde of zombies had vanished. But that does not mean that all zombies are killed. That is impossible. And Khalan had to fight against those zombies too. And he knows how.,,,,,,,,,
stage title story 1_5,"Weird orcs and strange humans appeared to have a huge alliance. They have something in common, Both of them want to take advantage of Nature. And it looked like it wasn’t easy to take them down.",,,,,,,,,
stage title story 1_6,"Khalan, who was pushed by the rebels, became a fugitive. But Khalan is still considered a hero to many orcs. The Orcs that support Khalan's will wanted to be his army, it was not difficult to find such an orcs. Khalan started to re-build his force with the other orcs.",,,,,,,,,
stage title story 1_7,"The orc Rebellion, which were allied with some of the humans, were not easily overtaken. Justin appeared once again in front of Khalan, who was struggling. It was the human main army, not a small force. And it is not easy to take control of that army and the orc Rebellion. Once again, Justin suggested an alliance to Khalan. And Khalan could not refuse it.",,,,,,,,,
stage title story 1_8,"Justin told Khalan to get resources first. And once they gathered their troops and put half of the army as an outpost, they recognized it as a full-scale war and some of the main forces of humanity would be supported. He ordered the other half to attack the castle of humanity. While the human army is dispersed, Justin would arrest the king and take control. Human soldiers who went to support the orc Rebellion also promised that if the regime changed, they would become Justin's army and promised to help them overcome the orc rebellion.",,,,,,,,,
stage title story 1_9,"One day, one of the human soldiers came to Khalan. He said Justin was fooling Khalan. After Khalan helped Justin take control of goverment, he said Justin would not help the orc to suppress the rebels. After hearing this, Khalan, who was upset and ordered the whole army to advance.",,,,,,,,,
stage title story 1_10,"Listening to the false report of the Human Spy, the uplifting army of Khalan arrived at the outpost of the Orc Rebels. Khalan did not believe Justin and did not believe the spy. The confused Khalan thought the only way he can choose is to defeat the orc rebels without help from the humans. Hearing this news, the Lords main powers also participated in helping the orc Rebels. Justin was able to take control of Vinhuman's castle, but he decided to help Khalan instead of taking control of the regime and ran to the battlefield.",,,,,,,,,
stage title story 1_11,"The orcs had a tribe called goblins. The goblins entered into an alliance with the orcs in accordance with the Peace Treaty, but the goblins, having no combat capabilities, had to provide labor for the orcs. Goblin Newman, who was unhappy with this, planned to organize an alliance with full-fledged People to cancel this arrangement and expel him. And because of the false information, the plan to involve Kalan and Justin in the fight against each other is failure and ultimately a full-scale war.",,,,,,,,,
tutorial 0,Welcome to the battlefield. Let's find out how to battle. Select a worker.,,,,,,,,,
tutorial 1,Good. Touch the ground to make the unit MOVE.,,,,,,,,,
tutorial 2,Use two fingers to move the view.,,,,,,,,,
tutorial 3,Very good. Workers can gather gold. Find a gold mine and send the selected worker to the mine.,,,,,,,,,
tutorial 4,You are good at this! Now send the worker to a tree. He can gather lumber as well. Make sure you checked the axe icon above the lumber you touched.,,,,,,,,,
tutorial 5,"Great! Let’s try building a farm. The more farms you have, The more unit you can have. Select the worker and select the build icon.",,,,,,,,,
tutorial 6,Then select the farm and drag it to the empty place.,,,,,,,,,
tutorial 7,Awesome! Let's try building barracks. You can train swordsmen and archers at the barracks.,,,,,,,,,
tutorial 8,Perfect. Let’s train a swordsman. Select the barracks that you just build. And select a swordsman to train.,,,,,,,,,
tutorial 9,"Oh my goodness! You are reeeeally talented! Now, I have a last thing to teach you. DRAG to select MULTIPLE units.",,,,,,,,,
tutorial 10,Select a unit and double-tap ground to make unit MOVE and ATTACK.,,,,,,,,,
tutorial 11,"Lastly, you can select all the same kind if you double-tap a unit. Good luck and win the battle!",,,,,,,,,
unlock condition,Mission clear required,,,,,,,,,
random,Random,,,,,,,,,
multiplay,Multi-play,,,,,,,,,
room name,Room name,,,,,,,,,
quick match,QUICK MATCH,,,,,,,,,
finding match,Finding opponent,,,,,,,,,
no selected units,Please select soldiers before using the shortcut button.,,,,,,,,,
no enemy exist,There must be at least 1 enemy unit.,,,,,,,,,
,,,,,,,,,,
,,,,,,,,,,
upload,UPLOAD,,,,,,,,,
tutorialHowTo0,Select a worker,,,,,,,,,
tutorialHowTo1,Touch ground to move selected worker,,,,,,,,,
tutorialHowTo2,Drag screen with two fingers to move the view,,,,,,,,,
tutorialHowTo3,Select a worker and select the mine,,,,,,,,,
tutorialHowTo4,Select a worker and select a tree,,,,,,,,,
tutorialHowTo5,Select a worker and select the build icon,,,,,,,,,
tutorialHowTo6,Build a farm,,,,,,,,,
tutorialHowTo7,Build a barracks,,,,,,,,,
tutorialHowTo8,Train a swordsman,,,,,,,,,
tutorialHowTo9,Drag screen with one finger to select multiple units,,,,,,,,,
tutorialHowTo10,Double tap ground to command MOVE AND ATTACK to selected units,,,,,,,,,
objective build farm,Build farms,,,,,,,,,
objective build barracks,Build barracks,,,,,,,,,
objective train swordsman,Train swordsmen,,,,,,,,,
objective destroy them all,Destroy them all,,,,,,,,,
objective survive,Survive for %d minutes,,,,,,,,,
objective protect all,Protect your ally,,,,,,,,,
event0_0,hero>I know you’ve been waiting for today!,,,,,,,,,
event0_1,hero>But today is not the day!,,,,,,,,,
event0_2,orc>What?,,,,,,,,,
event0_3,hero>There is a spooky plague that is spreading all over the land.,,,,,,,,,
event0_4,orc>Pleegooo?,,,,,,,,,
event0_5,"hero>No. Plague, a sickness. They say this plague is dangerous as hell.",,,,,,,,,
event0_6,hero>Soldiers must die at war. Not by plague.,,,,,,,,,
event0_7,orc>What… do you say?,,,,,,,,,
event0_8,hero>I say let’s postpone this war until doctors find a cure.,,,,,,,,,
event0_9,orc>That is dog speaking! our troop strong. No sick endanger orc.,,,,,,,,,
event0_10,hero>You don’t understand. The situ..,,,,,,,,,
event0_11,orc>That is cow moo! Stop mooing! And stand there watch me spank you!,,,,,,,,,
event0_12,hero>Alright. Then let’s make it quick. How about a single combat? Just you and me.,,,,,,,,,
event0_13,hero>Let’s not waste time and men.,,,,,,,,,
event0_14,orc>No! My troop want to fight! Don't steal my troop’s war!,,,,,,,,,
event0_15,undead>Well… well… well…,,,,,,,,,
event0_16,undead>You guys never learn.,,,,,,,,,
event0_17,hero>Who are you?,,,,,,,,,
event0_18,orc>…,,,,,,,,,
event0_19,undead>I am no one.,,,,,,,,,
event0_20,hero>I recognize you. No way… You are..,,,,,,,,,
event0_21,undead>Hey hey hey. I just said I’m no one. Please. Don’t ruin the moment.,,,,,,,,,
event0_22,orc>You talk too much. You are dead too.,,,,,,,,,
event0_23,orc>OAAOAAOAAOAA!!!,,,,,,,,,
event0_24,undead>What are you OAAOAAOAAOAAing for?,,,,,,,,,
event0_25,orc>My troop kill you and stupid humans!,,,,,,,,,
event0_26,hero>You look like an orc. My men won't spare your life. You should run.,,,,,,,,,
event0_27,undead>You two. What are you talking about? Your men are not here.,,,,,,,,,
event0_28,hero>What?(yell),,,,,,,,,
event0_29,orc>What?(yell),,,,,,,,,
event0_30,hero>What happen to them?,,,,,,,,,
event0_31,undead>They are my men now.,,,,,,,,,
event0_32,undead>Prepare.,,,,,,,,,
event0_33,undead>To be one of them.,,,,,,,,,
event0_34,undead>HAHAHAHHHAHAHHAHAHAHAHAHHAHAHAHAHAHAHAHAHAHAHAHAH..(yell),,,,,,,,,
event1_0,hero>Give up. You failed.,,,,,,,,,
event1_1,undead>What? Who said that?,,,,,,,,,
event1_2,hero>Why? Do you have more zombies in your pocket?,,,,,,,,,
event1_3,"undead>You made a joke. Now, do you think you ended the war.",,,,,,,,,
event1_4,hero>No. I didn’t. We. We ended the war.,,,,,,,,,
event1_5,orc>OAHOAHOHOAA!,,,,,,,,,
event1_6,hero>See?,,,,,,,,,
event1_7,undead>Ha!,,,,,,,,,
event1_8,undead>Like I said. You never learn.,,,,,,,,,
event1_9,hero>What?,,,,,,,,,
event1_10,undead>Do you think peace came to the world?,,,,,,,,,
event1_11,hero>It is. orcs and humans are friends now.,,,,,,,,,
event1_12,undead>HAHAHAHAHAHAHAHA(yell),,,,,,,,,
event1_13,undead>Let me ask the orcs if that is true.,,,,,,,,,
event1_14,"undead>Hey pal. After you kill me, who do you want to kill next?",,,,,,,,,
event1_15,orc>I kill you and pity annoying humans!,,,,,,,,,
event1_16,hero>WHAT?(yell),,,,,,,,,
event1_17,undead>See?,,,,,,,,,
event1_18,hero>What are you talking about? We are friends now.,,,,,,,,,
event1_19,orc>Kidding me? No friends between Human and Orc. Orc kill Human. Bad Human.,,,,,,,,,
event1_20,hero>Why is Human bad? You are the one who kills.,,,,,,,,,
event1_21,orc>Orc kill human. Because Human kill everything else.,,,,,,,,,
event1_22,hero>I have no idea what you are talking about.,,,,,,,,,
event1_23,undead>See? You guys never learn. That’s why I wanted to bring end to the world.,,,,,,,,,
event1_24,undead>That is the only solution.,,,,,,,,,
event1_25,undead>And it is still on the way.,,,,,,,,,
event1_26,hero>He’s gone!,,,,,,,,,
event1_27,orc>He died. Zombie died. Now human!,,,,,,,,,
event1_28,orc>OAHAOHAOAHOAHOAHOAHOAHOA!(yell),,,,,,,,,
event1_29,hero>WAIT!(yell),,,,,,,,,
time left,TIME LEFT,,,,,,,,,
result,RESULT,,,,,,,,,
no event,Wait for the next event!,,,,,,,,,
monthly event mission 0,Launch the game everyday :D,,,,,,,,,
monthly event mission 1,Collect parts for the heroes.,,,,,,,,,
monthly event mission 2,Defeat goblins.,,,,,,,,,
monthly event mission 3,Defeat swordsmen.,,,,,,,,,
monthly event mission 4,Defeat trolls.,,,,,,,,,
monthly event mission 5,Defeat orc spear men.,,,,,,,,,
monthly event mission 6,Defeat orc fighers.,,,,,,,,,
monthly event mission 7,Defeat zombies.,,,,,,,,,
monthly event mission 8,Win the arena.,,,,,,,,,
monthly event mission 9,Win the heroes PVP(6 vs 6),,,,,,,,,
monthly event mission 10,Win the heroes PVP(12 vs 12),,,,,,,,,
monthly event mission 11,Win the network battle in the battle mode.,,,,,,,,,
mission complete,Mission complete,,,,,,,,,
two time for the account,You can get the reward twice.,,,,,,,,,
mission,Mission,,,,,,,,,
two time buy for the account,You can buy only twice.,,,,,,,,,
n time buy for day,You can buy only 7 times a day.,,,,,,,,,
event hero package,Event hero package,,,,,,,,,
month buff,Only for this month!,,,,,,,,,
refund rule,Refund is available within 7 days from the purchase date. (But already used items are not refundable),,,,,,,,,
update required,A new version is ready. Let’s enjoy after update the game.,,,,,,,,,
server maintenance description format,The server is in maintenance mode. You can try accessing the game after about 7 hours.,,,,,,,,,
postbox,Mailbox,,,,,,,,,
no notice,There are no announcements.,,,,,,,,,
rename,Name Change,,,,,,,,,
invitation,Invitation,,,,,,,,,
open,Open,,,,,,,,,
video warning,Warning: Don't watch this! It will reduce the fun! I suggest you to beat the level without any help. Do you still want to watch this?,,,,,,,,,
use gem to open chest,Do you want to use gems to open the chest?,,,,,,,,,
fusion alert,You need to choose three same heroes.,,,,,,,,,
chat room,Chatting room,,,,,,,,,
chat join format,FORMAT has joined the chat room,,,,,,,,,
chat quit format,FORMAT left the chat room.,,,,,,,,,
connection failed,"Connection failed. Please try again, later.",,,,,,,,,
char warning,"Please, report if you see anyone who insults others. Offensive language can be a reason to be banned forever.",,,,,,,,,
collection,Collection,,,,,,,,,
game by studio nap,This is a new game from StudioNAP! Do you want to see this game?,,,,,,,,,
hacker report,"If you find a hacker, please send me email with screenshot. sachoi1103@gmail.com",,,,,,,,,