order,english,korean,spanish,russian
getFullVersion,FULL PACKAGE,풀 패키지,VERSIÓN COMPLETA,ПОЛУЧИТЬ ПОЛНУЮ ВЕРСИЮ
menu,MENU,메뉴,MENÚ,МЕНЮ
ok,OK,확인,OK,ОК
cancel,Cancel,취소,Cancelar,ОТМЕНИТЬ
exit,EXIT,나가기,SALIR,ВЫХОД
setting,SETTING,설정,Ajustes,настройки
network reset warning,Network data will be erased. Scenario mode data is not affected. Do you want to continue?,네트워크 데이터를 초기화 합니다. 시나리오 모드 데이터는 초기화 되지 않습니다. 초기화 하시겠습니까?,Se borrarán los datos de la red. Los datos del modo de escenario no se ven afectados. ¿Quieres continuar?,Сетевые данные будут удалены. Данные режима сценария не затрагиваются. Вы хотите продолжить?
you cannot build there,You can not build there,거기에 건축 할 수 없습니다.,No se puede construir alli,Вы не можете построить там
mission clear,MISSION CLEAR,미션 성공,MISIÓN COMPLETADA,МИССИЯ ВЫПОЛНЕНА
mission failed,MISSION FAILED,미션 실패,MISIÓN FALLIDA,МИССИЯ ПРОВАЛЕНА
premium retry,PREMINUM START,프리미엄 스타트,PREMINUM START,ПРЕМИУМ СТАРТ
premium retry desc,Re-start this stage with the resources,위 자원을 받고 시작하세요,Re-start this stage with the resources,Попробуйте пройти уровень с ресурсами
not enough barracks use gem,There is no barracks available. Do you want to use gems to finish the job?,모든 병영이 사용중입니다. 보석을 사용해 진행중인 작업을 완료하시겠습니까?,No hay cuarteles disponible. ¿Quieres usar gemas para terminar el trabajo?,"Там нет казарм доступны. Вы хотите использовать драгоценные камни, чтобы закончить работу?"
not enough worker use gem,All workers are under construction. Do you want to use gems to finish the job?,모든 일꾼들이 작업중입니다. 보석을 사용해 진행중인 작업을 완료하시겠습니까?,Todos los trabajadores están en construcción. ¿Quieres usar gemas para terminar el trabajo?,"Все рабочие находятся в стадии строительства. Вы хотите использовать драгоценные камни, чтобы закончить работу?"
already hired,This soldier is already hired.,이 병사는 이미 고용되었습니다.,Este soldado ya está contratado.,Этот солдат уже наняли.
fire ask,Do you want to fire this soldier?,이 병사를 해고 하시겠습니까?,¿Quieres disparar este soldado?,"Вы хотите, чтобы уволить этот солдат?"
yes,YES,예,SÍ,ДА
no,NO,아니오,NO,НЕТ
new soldiers,New soldiers,새로운 군인,Los nuevos soldados,Новые солдаты
deck,DECK,덱,CUBIERTA,DECK
inventory,INVENTORY,인벤토리,INVENTARIO,ИНВЕНТАРИЗАЦИЯ
refresh,Refresh,새로고침,Refrescar,обновление
surrender,Surrender,항복,Rendición,капитуляция
next match,Next opponent,다음 상대,próximo rival,Следующий соперник
select ground to place soldiers,Pressing empty ground will start the battle,빈 땅을 누르면 전투가 시작됩니다,Al pulsar suelo vacío comenzará la batalla,Нажатие пустой земли начнется бой
not enough soliders,There is no soldier to attack.,공격 할 병사가 없습니다.,No hay ningún soldado para atacar.,Там нет солдат атаковать.
revenge,Revenge,반격,Venganza,Месть
defence record,Defence record,방어 기록,registro de defensa,запись обороны
top rank,Top rank,상위 순위,Bromear,Топ ранг
visit,VISIT,방문,VISITAR,ВИЗИТ
sound,SOUND,소리,SONAR,SOUND
receive,Receive,받기,Recibir,Получать
day 1,Day 1,1 일,Día 1,1 день
24 hours,24 hours,24 시간,24 horas,24 часа
6 hours,6 hours,6 시간,6 horas,6 часов
shield desc,Prevent losing resources,손실 자원을 방지,Evitar que los recursos que pierden,Предотвращения потери ресурсов
expired,Expired,만료,Muerto,Истекший
daily mission 0,Win a Arena battle,아레나 전투를 승리,Gana una batalla en la arena,Выиграйте битву Арены
daily mission 1,Win a CAMPAIGN,캠페인 승리,Ganar una campaña,Выиграй КАМПАНИИ
daily mission 2,Win a network battle,네트워크 전투를 승리,Gana una batalla de red,Выиграйте битву сети
daily mission 3,Win a local battle,로컬 전투를 승리,Gana una batalla locales,Выиграйте местный бой
network battle,Network battle,네트워크 전투,batalla de red,Сетевые сражения
local battle,Local battle,로컬 전투,batalla local,Локальная битва
challenge,Challenge,도전,Reto,Вызов
daily mission,Daily mission,일일 임무,Misión diaria,Ежедневная миссия
daily reward,Daily reward,매일 보상,Recompensa diaria,Ежедневные награды
special offer,Special offer,특별 상품,Oferta especial,Специальное предложение
ask special offer last,Special offer is expired. It is the last chance. Do you want to see the items?,특별 상품 제공 시간이 다 되었습니다. 마지막 기회입니다. 확인해보시겠습니까?,Oferta especial ha caducado. Es la última oportunidad. ¿Quieres ver los artículos?,"Специальное предложение истекло. Это последний шанс. Вы хотите, чтобы увидеть детали?"
worker condition 0,Lucky day,행운의 날,Día de suerte,Счастливый день
worker condition 1,Finish the first chapter,첫 번째 챕터를 완료,Terminar el primer capítulo,Завершить первую главу
worker condition 2,Win the arena for 20 times,20 번 경기장에 승리,Gana el escenario de 20 veces,Победа на арене 20 раз
worker condition 3,Finish the episode orc,에피소드 오크를 완료,Terminar el episodio orco,Завершите эпизод орка
gold text,Gold,금,Oro,Золото
lumber text,Lumber,나무,Madera,Дерево
produced unit,Produced Unit,생산된 유닛,Unidades producidas,Юнит готов
killed unit,Killed Unit,제거한 유닛,Unidades eliminadas,Юнит убит
failed to find match,"Failed to find your opponent. Try it again, later.",상대를 찾는 데 실패했습니다. 나중에 다시 시도하십시오.,No se ha podido encontrar su oponente. Inténtelo de nuevo más tarde.,Не удалось найти своего противника. Попробуй еще раз позже.
tree,Tree,나무,Árbol,дерево
win,WIN,승리,GANAR,ВЫИГРАТЬ
used,Used,사용,Usado,Занят
earned,Earned,획득,Obtenido,Получено
league,League,리그,Liga,Лига
next league,NEXT LEAGUE,다음 리그 진출,SIGUIENTE LIGA,СЛЕДУЮЩАЯ ЛИГА
time,Time,시간,Tiempo,Время
gem pack,GEM PACK,잼 보따리,PAQUETE DE GEM,GEM PACK
info,INFO,정보,INFO,ИНФОРМАЦИЯ
train,TRAIN,훈련,Formación,Подготовка
network fail play offline,Failed connecting to the server. Play offline and try it later.,서버에 접속할 수 없습니다. 잠시 오프라인 플레이 후 다시 시도해보세요.,Falló la conexión al servidor. Juega el juego sin conexión y pruébalo más tarde.,Не удалось подключиться к серверу. Играть в игру в автономном режиме и попробуйте позже.
play colosseum,Play colosseum and let others admire you,콜로세움을 플레이하고 나의 엄청난 실력을 확인하세요!,Juega al Coliseo y deja que otros te admiren.,Играйте в Колизей и пусть другие восхищаются
drag to select,DRAG TO SELECT,드래그 선택,DRAG PARA SELECCIONAR,"DRAG, чтобы выбрать"
name,Nick Name,이름,Apodo,Никнейм
input name,Input your name,이름을 입력하세요,Ingresa tu nombre,Введите ваше имя
same name exist,The name is already in use,이미 등록된 이름입니다.,El nombre ya está en uso.,Имя уже используется
name registered,Your name is saved,이름이 저장되었습니다.,Tu nombre esta guardado,Ваше имя сохранено
new user,New User,신규유저,Nuevo usuario,Новый пользователь
existing user,Existing User,기존유저,Usuario existente,Существующий пользователь
user id,User ID,유저ID,ID de usuario,Идентификатор пользователя
is new user,Are you a new user?,신규 유저입니까?,¿Eres un usuario nuevo?,Вы новый пользователь?
change,Change,변경,Cambio,Менять
account change,Account Change,계정 전환,Cambio de cuenta,Изменение учетной записи
change name,Name Change,이름 변경,Cambio de nombre,Изменение имени
change name alert,Don’t use bad word for your name. And report any insulting name. Here we inform you that any bad name can be changed by manager without warning.,욕설 등의 저속어로 이름을 짓지 말아주세요. 기분 나쁜 이름을 발견하면 신고해주세요. 사용자의 눈살을 찌푸리게 만드는 이름은 운영자에 의해 경고 없이 임의의 이름으로 변경 됨을 알려 드립니다.,No uses mala palabra para tu nombre. Y denuncie cualquier nombre insultante. Aquí le informamos que cualquier administrador puede cambiar cualquier nombre incorrecto sin previo aviso.,"Не используйте плохое слово для вашего имени. И сообщить любое оскорбительное имя. Здесь мы сообщаем вам, что любое плохое имя может быть изменено менеджером без предупреждения."
hire,HIRE,고용,Emplear,НАНИМАТЬ
fire,FIRE,해고,Jubilar,выбытие
remove from deck,REMOVE FROM DECK,덱에서 제거,REMOVER desde la cubierta,УДАЛИТЬ ИЗ ПАЛУБЫ
move to deck,MOVE TO DECK,덱으로 이동,Moverse a la cubierta,MOVE TO ПАЛУБЕ
password,Password,비밀번호,Contraseña,пароль
confirm password,Confirm password,비밀번호 확인,Confirmar contraseña,Подтвердите Пароль
upgrade time,Upgrade Time,업그레이드 시간,actualizar Tiempo,Время обновления
upgrade,UPGRADE,업그레이드,MEJORAR,ОБНОВИТЬ
enemy killed,Killed Enemy,처지한 적,Enemigos eliminados,Враг убит
your rank,My rank,내 순위,Mi rango,Мой ранг
purchase success,PURCHASE COMPLETE,구매 완료,COMPRA REALIZADA,ПОКУПКА ЗАВЕРШЕНА
colosseum,COLOSSEUM,콜로세움,COLISEO,КОЛИЗЕЙ
top,TOP,상위,Топ,TOP
video not available,Video is not available now,광고가 준비되지 않았습니다,El video no está disponible,Видео сейчас недоступно
ticket received,You received a golden ticket.,티켓이 지급되었습니다.,Has recibido un ticket dorado,Вы получили золотой билет.
battle,Battle,배틀,BATALLA,БОЕВОЙ
food provide,Food provide,음식 제공,,
BEGINNER,BEGINNER,비기너,PRINCIPIANTE,НОВИЧОК
BRONZE,BRONZE,브론즈,BRONCE,БРОНЗА
SILVER,SILVER,실버,PLATA,СЕРЕБРО
GOLD,GOLD,골드,ORO,ЗОЛОТО
PLATINUM,PLATINUM,플래티넘,PLATINO,ПЛАТИНА
DIAMOND,DIAMOND,다이아몬드,DIAMANTE,АЛМАЗ
MASTER,MASTER,마스터,MAESTRO,МАСТЕР
GRAND MASTER,GRAND MASTER,그랜드 마스터,GRAN MAESTRO,ГРАНД МАСТЕР
LEGENDARY,LEGENDARY,전설,LEYENDA,ЛЕГЕНДА
congratulations,Congratulations,축하합니다,Enhorabuena,Поздравляю
ask email,Questions,문의,Questions,ASK
chapter,Chapter,챕터,,глава
castle desc,HQ of the army. Workers can be produced in this building.,군대 본부. 이 건물에서 일꾼을 생산할 수 있습니다.,Cuartel general del ejército. Los trabajadores pueden ser producidos en este edificio.,Штаб армии. Рабочие могут быть произведены в этом здании.
temple desc,Wizards are trained here. Do not try to get on the stage without permission.,마법사는 여기서 훈련받을 수 있습니다. 허락없이 들어 가려고하지 마십시오.,Los magos pueden ser entrenados aquí. No trates de entrar sin permiso.,Волшебники обучаются здесь. Не пытайтесь попасть на сцену без разрешения.
farm desc,Farm produces food. More food` More soldiers.,농장에서 음식을 생산합니다. 더 많은 군인을 모으기 위해 더 많은 음식을 준비하십시오.,La granja produce alimentos. Preparar más comida para reunir más soldados.,Ферма производит еду. Чем больше еды` тем больше солдат.
barracks desc,Soldiers can be upgraded in this building.,군인은이 건물에서 업그레이드 할 수 있습니다.,Los soldados pueden ser actualizados en este edificio.,Солдаты могут быть модернизированы в этом здании.
underground bunker desc,Defense force are hidden in this bunker until a flare was triggered.,신호탄이 켜질때까지 이 벙커에 방어 병력이 숨겨져 있습니다.,La fuerza de defensa se oculta en este búnker hasta que se activó una bengala.,"Силы обороны скрыты в этом бункере, пока не сработала вспышка."
trigger desc,Defense force will come out from underground bunkers when this flare is triggered.,이 플레어가 발동되면 지하 벙커에서 방어 병력이 나옵니다.,La fuerza de defensa saldrá de búnkeres subterráneos cuando se active esta bengala.,"Силы обороны выйдут из подземных бункеров, когда эта вспышка будет запущена."
lumbermill desc,Workers can store lumbers in this building. And processed lumbers from this building are required for building more complicated ones.,노동자는이 건물에 목재를 저장할 수 있습니다. 그리고 이 건물에서 가공 된 목재는 더 복잡한 구조물을 만들기 위해 필요합니다.,Los trabajadores pueden almacenar madera en este edificio. Y se requieren troncos procesados de este edificio para construir los más complicados.,Рабочие могут хранить пиломатериалы в этом здании. И обработанные пиломатериалы из этого здания необходимы для строительства более сложных зданий.
watcher tower desc,Watcher tower can attack the intruders.,감시탑이 침입자를 공격 할 수 있습니다.,La torre vigía puede atacar a los intrusos.,Сторожевые башни может атаковать незванных гостей.
factory desc,Factory produces big units like a Catapult.,공장은 투석기와 같은 큰 유닛을 생산합니다.,Fábrica produce grandes unidades como una catapulta.,Фабрика производит большие юниты (например` Катапульты)
airport desc,Helicopters can be trained in this building. They need more skills than just flying.,이 건물에서 헬리콥터를 생산할 수 있습니다. 나는 거 말고 더 공격은 못하나요?,Se pueden producir helicópteros en este edificio. Necesitan más poder que solo volar.,Вертолеты могут быть обучены в этом здании. Им нужно больше навыков чем просто полёт.
mine desc,You can dig for gold in a gold mine.,금광에서 금을 파낼 수 있습니다.,Puedes excavar en busca de oro en una mina de oro.,Вы можете найти золото в золотом прииске.
orc hq desc,Orc's patriarch is staying here.,오크의 족장이 이곳에 머물러 있다,El anciano de Orc se queda aquí.,Старший Орк остался здесь.
orc barracks desc,It is the place to train Orc troops.,오크의 병력들을 훈련시키는 곳입니다.,It is the place to train Orc troops.,Это место для подготовки войск орков.
orc bunker desc,Orc arrows fly from here. None of the humans who entered this place survived.,오크의 화살이 이곳에서 날아옵니다. 이 안에 들어간 휴먼은 누구도 살아나오지 못했습니다.,Las flechas orcas vuelan desde aquí. Ninguno de los humanos que entraron a este lugar sobrevivió.,"Орковые стрелы летят отсюда. Никто из людей, вошедших в это место, не выжил."
orc troll house desc,A house where a cowardly troll is living.,겁쟁이 덩치 트롤이 살고 있는 집입니다.,Una casa donde vive un troll cobarde.,"Дом, в котором живет трусливый тролль."
worker desc,Workers gather gold and lumbers.,노동자들은 금과 목재를 수집합니다.,Los trabajadores recogen oro y madera.,Рабочие собирают золото и пиломатериалы.
swordman desc,Swordman is a noble warrior who is fast and strong.,검객은 빠르고 강인한 고귀한 전사입니다.,Espadachín es noble guerrero que es rápido y fuerte.,"Мечник - благородный воин, быстрый и сильный"
archer desc,Archers can attack enemies who are in long distance.,궁수는 원거리에있는 적을 공격 할 수있다.,Los arqueros pueden atacar a los enemigos que están en larga distancia.,"Лучники могут атаковать врагов, которые находятся в большом расстоянии."
wizard desc,Wizards do magic stuff and punish evils.,마법사들은 마법으로 악을 처벌합니다.,Los magos castigan los males con su magia.,Волшебники делают магические вещи и наказывают зло.
helicopter desc,Helicopter can fly and they can attack with gravels.,헬리콥터 비행 할 수 있으며 그들은 자갈로 공격 할 수있다.,Helicóptero puede volar y que puede atacar con gravas.,"Вертолет может летать, и они могут атаковать с гравии."
catapult desc,This unit is very slow. But nothing is more powerful than this. Horde of zombies can only be destroyed by this one.,이 장치는 매우 느립니다. 그러나 이보다 더 강력한 것은 없습니다. 좀비의 무리는 이걸로 만 파괴 될 수 있습니다.,Esta unidad es muy lenta. Pero nada es más poderoso que esto. La horda de zombies solo puede ser destruida por este.,Этот аппарат очень медленный. Но нет ничего более могущественного. Только он способен уничтожить орды зомби.
goblin desc,GOBLINs are fast and very greedy.,고블린은 빠르고 매우 욕심이 있습니다.,Goblins son rápidos y muy codicioso.,Гоблины быстро и очень жадные.
goblin bomb desc,They are carrying a bomb that can blow everything.,그들은 모든 것을 날려 버릴 수 있는 폭탄을 운반하고 있습니다.,Están llevando a una bomba que puede estallar todo.,"Они несут бомбу, которая может взорвать все."
orc axe desc,An orc's axe is very dangerous.,오크의 도끼는 매우 위험합니다.,hacha de un orco es muy peligroso.,топор орка очень опасно.
orc spear desc,An orc's spear can fly like a bullet.,오크의 창은 총알처럼 날 수 있습니다.,La lanza de un orco puede volar como una bala.,Копье орка может летать как пуля.
troll desc,Troll is very heavy and slow.,트롤은 매우 무겁고 느리다.,Troll es muy pesado y lento.,Troll очень тяжело и медленно.
zombie orc axe desc,An infected orc almost never die again.,감염된 오크는 거의 다시 죽지 않는다.,Un orco infectada casi nunca más morir.,Зараженный орк почти никогда не умирают снова.
zombie swordman desc,Do you think they can die again?,당신은 그들이 다시 죽을 수 있다고 생각하십니까?,Qué cree que puede volver a morir?,"Как вы думаете, что они могут умереть снова?"
zombie orc axe,Infected orc warrior,감염된 오크 전사,Infectada guerrero orco,Зараженный орк воин
zombie swordman,Infected human,감염된 사람,infectada humana,Зараженный человек
clear chapter 2,You need to open the chapter 2 to use this.,챕터 2를 열면 사용 가능합니다.,Necesitas abrir el capítulo 2 para usar esto.,Вам нужно открыть главу 2
clear previous chapter,This chapter can be opened when you clear all missions in the previous chapter or purchase the golden key.,이전 챕터를 모두 클리어하거나 황금열쇠를 구매하여 열 수 있습니다.,Este capítulo se puede abrir cuando realiza todas las misiones del capítulo anterior o cuando compra la llave de oro.,Эту главу можно открыть выполнив все миссии в прошлой главе или купив золотой ключ
free app alert,If you downloaded this game during the free-download promotion` there might be ads displayed.,무료 프로모션 기간 중에 다운 받으셨을 경우 광고가 보여질 수 있습니다.,"Si descargó este juego durante la promoción de descarga gratuita, es posible que se muestren anuncios.",Если вы скачали эту игру во время акции по бесплатному скачиванию` то может отображаться реклама
colosseum top 1,You took the top place of the league! I have no doubt about that people want to see you tomorrow as well.,당신은 리그 최고의 자리를 차지했습니다! 나는 사람들이 오늘 너를보고 싶어한다는 것에 의심의 여지가 없다.,¡Tomaste el primer lugar de la liga! No tengo ninguna duda acerca de que la gente también quiere verte hoy.,"Вы заняли первое место в лиге! Я не сомневаюсь, что люди хотят видеть тебя и сегодня"
colosseum top 10,You are unbelievable. Look at how awesome you are in the colosseum. Here are your rewards!,당신은 믿을 수 없습니다. 당신이 콜로세움에서 얼마나 굉장한 지보십시오. 여기 당신의 보상이 있습니다!,Eres increíble. Mira lo maravilloso que eres en el coliseo. ¡Aquí están tus recompensas!,"Ты невероятный. Посмотрите, как вы круты в Колизее Вот ваши награды!"
colosseum top 30,You are amazing! Here is your rewards for how awesome you were at the colosseum yesterday.,당신 정말 대단하네요! 나는 당신이 어제 콜로세움에서 굉장했다는 것을 인정해야합니다. 여기에 보상이 있습니다.,¡Eres fabuloso! Debo admitir que ayer estuviste increíble en el Coliseo. Aquí está tu recompensa.,"Ты великолепен! Я должен признать, что вы были великолепны вчера в Колизее. Вот ваша награда."
colosseum top 100,You were awesome on yesterday's colosseum. Take your reward and let me see you on the colosseum again.,당신은 어제의 콜로세움에서 굉장했습니다. 보상을 받고 다시 콜로세움에서 당신을 볼 기회를주십시오.,Estuviste increíble en el Coliseo de ayer. Toma tu recompensa y dame la oportunidad de verte de nuevo en el Coliseo.,Вы были великолепны на вчерашнем Колизее. Возьми свою награду и дай мне шанс снова увидеть тебя в Колизее.
colosseum result,COLOSSEUM RESULT,콜로세움 결과,Resultado del coliseo,Колизей результат
challenge arena,Be the first player to challenge today’s arena!,오늘의 아레나의 첫 번째 도전자가 되어주세요!,¡Sé el primero en desafiar la arena hoy!,Будьте первым игроком` который бросит вызов сегодняшней арене!
rank,RANK,순위,RANGO,РАНГ
reward,REWARD,보상,RECOMPENSA,ВОЗНАГРАЖДЕНИЕ
not enough ticket,Not enough tickets,티켓이 부족합니다.,No hay tickets suficientes,Недостаточно билетов
not enough gems,Not enough gems,보석이 부족합니다.,No hay suficiente gema.,Там не достаточно Gem.
server fail try again,Failed to connect with Server,서버 접속에 실패 했습니다.,Error al conectar con el servidor,Не удалось подключиться к серверу
play,PLAY,플레이,JUGAR,ИГРАТЬ
back key exit,What? Exit? Really?,뭐시라?! 나가겠다고?!,¿Qué? ¿Te vas? ¿En serio?,Что? Выход? Вы уверены?
option,OPTION,옵션,OPCIONES,ОПЦИИ
save,SAVE,저장하기,GUARDAR,СОХРАНИТЬ
load,LOAD,불러오기,CARGAR,ЗАГРУЗИТЬ
arena,ARENA,아레나,ARENA,АРЕНА
coming soon,COMING SOON,커밍 순,PRÓXIMAMENTE,СКОРО БУДЕТ
buy,BUY,구매하기,COMPRAR,КУПИТЬ
beta alert,This is in BETA state. It might not work properly :P,베타 테스트 중입니다. 정상적으로 동작하지 않을 수도 있어용^^;,Esta es una versión BETA. Puede que no funcione correctamente :p,Внимание! Бета-тест! Может не работать должным образом :P
select support,GET,선택,CONSEGUIR,ВЫБОР
sign in google play,Sign in to Google Play Game Service,게임 서비스 로그인이 필요합니다.,Inicia sesión en tu cuenta de Google Play,Войдите в игровой сервис Google Play
sign in game center,Sign in to Game Center,게임 센터 로그인이 필요합니다.,Inicia sesión en tu cuenta de Game Center,Войдите в Game Center
effect on,EFFECT ON,효과음 켜짐,EFECTOS: SÍ,Эффекты вкл
effect off,EFFECT OFF,효과음 꺼짐,EFECTOS: NO,Эффекты выкл
music on,MUSIC ON,배경음 켜짐,MÚSICA: SÍ,Музыка вкл
music off,MUSIC OFF,배경음 꺼짐,MÚSICA: NO,Музыка выкл
never show,Never show,다시 보지 않기,No volver a mostrar,Никогда не показывать
rate game,Please` rate this game.,게임을 평가해주세요.,Por favor` valora este juego.,Пожалуйста` оцените игру.
enjoy game,Enjoying Cartoon Craft?,카툰 크래프트 재미있으신가요?,¿Te gusta Cartoon Craft?,Нравится Cartoon Craft?
select all,ALL FORCES,전 병력 선택,TODAS LAS FUERZAS,ВСЕ ВОЙСКА
select screen,FORCES IN SCREEN,화면 내 병력 선택,FUERZAS EN PANTALLA,ВОЙСКА НА ЭКРАНЕ
later,Later,나중에,Más tarde,Позже
choose support,Get Support Force,지원 병력 선택,Consigue fuerzas de apoyo,Получить поддержку
overwrite save data,Data exists on the slot. Do you want to overwrite?,저장된 데이터가 있습니다. 덮어쓰기 하시겠습니까?,Hay información en la ranura. ¿Quieres sobreescribirla?,Слот с данными. Хотите перезаписать?
load data,Do you want to play the saved game?,저장된 게임을 플레이하시겠습니까?,¿Quieres jugar la partida guardada?,Вы хотите играть в сохраненную игру?
gold left,Gold Left: %d,남은 금: %d,Oro restante: %d,Остаток золота: %d
next,Next,다음,Siguiente,Следующий
not available on this stage,Not available on this stage,이 스테이지에서는 사용할 수 없습니다,No disponible en este nivel,Не доступно на этом этапе
not enough gold,Not enough gold,금이 부족합니다,No tienes suficiente oro,Недостаточно золота
not enough lumber,Not enough lumber,나무가 부족합니다,No tienes suficiente madera,Недостаточно дерева
not enough food,Not enough food,농장이 부족합니다,No tienes suficiente comida,Недостаточно провизии
human,Human,휴먼,Humano,Человек
orc,Orc,오크,orca,Орков
zombie,Zombie,좀비,Zombi,Зомби
werewolf,Werewolf,늑대인간,Hombre lobo,оборотень
castle,Castle,성,Castillo,Замок
temple,Temple,제단,templo,Храм
farm,Farm,농장,Granja,Ферма
barracks,Barracks,병영,Cuartel,Казарма
lumbermill,Lumber mill,목재소,Aserradero,Лесопилка
build lumbermill first,Build a lumbermill` first.,목재소를 먼저 건설해야 합니다,Construye un aserradero primero.,Сначала нужно построить лесопилку.
watcher tower,Watcher tower,감시탑,Torre de vigilancia,Сторожевая башня
underground bunker,Underground Bunker,지하 벙커,Búnker subterráneo,Подземный бункер
trigger,Flare,신호탄,Llamarada,клеш
factory,Factory,공장,Fábrica,Завод
airport,Airport,공항,Aeropuerto,Аэропорт
mine,Mine,금광,Mina,Шахта
orc hq,Orc HQ,오크 본부,Orc HQ,Штаб Орков
orc barracks,Orc Weapon House,오크 공방,Casa de Armas Orcas,Дом Оружия Орков
orc bunker,Orc Bunker,오크 벙커,Orco Bunker,Орк Бункер
orc troll house,Troll House,트롤 하우스,Casa troll,Тролль Хаус
worker,Worker,일꾼,Trabajador,Рабочий
swordman,Swordman,검사,Espadachín,Мечник
archer,Archer,궁수,Arquero,Лучник
wizard,Wizard,마법사,Mago,колдун
helicopter,Helicopter,드론병,Helicóptero,Вертолет
catapult,Catapult,투석기,Catapulta,Катапульта
orc axe,Orc Fighter,오크 파이터,Luchador orco,Орк истребитель
orc spear,Orc Spear man,오크 창병,Orc Spear man,Орк Копье человек
troll,Troll,트롤,Troll,ТРОЛЛ
goblin,Goblin,고블린,Duende,гоблин
goblin bomb,Bomber,버머,Bomberman,Бомбардировщик
resume,RESUME,계속하기,CONTINUAR,ПРОДОЛЖИТЬ
stage title 0_0,Begin a journey,여행의 시작,¡Que comience la aventura!,Начать путешествие
stage title 0_1,Raid of Orcs,오크의 습격,Incursión orca,Рейд Орков
stage title 0_2,Counter Attack,카운터 어택,Contraataque,Контр-атака
stage title 0_3,Rise of Zombies,좀비의 등장,La aparición de los zombis,Восстание Зомби
stage title 0_4,Help Orcs,오크를 구하라,Ayuda a los orcos,Помощь Оркам
stage title 0_5,Alliance,동맹,Alianza,Союз
stage title 0_6,Zombies King,좀비의 왕,El rey zombi,Король Зомби
stage title 0_7,Swarm of Zombies,좀비떼의 습격,Plaga de zombis,Рой Зомби
stage title 0_8,Rise in Revolt,반란군의 등장,Rebelión,Восстание
stage title 0_9,Betrayer,배신자,Traidor,Предатель
stage title 0_10,Hive of Zombies,좀비굴,Colmena de zombis,Улей Зомби
stage title 0_11,End of Zombies King,좀비왕의 최후,El fin del rey zombi,Конец Короля Зомби
stage title story 0_0,Hello little angel. Granny has a very interesting story to bring you to a deep sleeping land. Once upon a time` there were Orcs and Humans doing war kind of crap. They were fighting each other since forever. They didn’t even know why they were fighting. They just do it because their daddies and mommies were doing it. Then one day! Boom! They became friends and friends. How? Because there was a huge pain in the nose rising from the north-east. But before we get there` you have to know how they build a farm and barracks. Then about training swordsmen. Are you ready? I hope you are ready. Let’s dig it with granny` sweety.,우리 귀여운 손자. 할미가 우리 애기 코~ 자라고 재밌는 이야기를 하나 해줄꺼에요. 겁나 기대되지요? (헤헤) 옛날 옛날 겁나 먼 옛날에 판교랑 정자에 오크족과 휴먼족이 살고 있었어요. 그것들은 틈만나면 쌈박질을 했지. 당췌 언제부터 그랬는지 그 시작을 알 수 없을 정도로 오랜 기간동안 쌈박질을 하고 있었어요. 우리 애기는 그런거 하면 안되요? 알겠지요? 아무튼 그들은 지들 애미애비가 전쟁질을 하니까 지들도 커서 아무 생각없이 전쟁질을 하고 있던게야. 그러던 어느날! 갑자기 휴먼과 오크가 친구가 된거에요! 어떻게 그런 일이 있을 수 있냐구? 왜냐면 북동쪽 오리 지역에서 골치아픈 공공의 적이 내려왔기 때문이야. 그 얘기를 하기 전에 그들이 어떻게 살았는지 할미가 알려줄게요? 어떻게 집을 짓고 어떻게 병사들을 훈련시켰는지 말이야.,Hola` angelito. La abuelita tiene una historia muy interesante que te transportará a una tierra de ensueño. Érase una vez una época en la que orcos y humanos hacían movidas de la guerra y esas cosas. Llevaban desde siempre luchando entre ellos. La verdad es que ni siquiera sabían por qué luchaban` solo lo hacían porque sus papás y sus mamás lo hacían. Y` entonces` un día ¡Pumba! Se hicieron amigos. ¿Cómo? Pues porque había un tocapelotas alzándose en el noreste. Pero antes de llegar a eso` tienes que saber cómo construían granjas y cuarteles y cómo entrenaban a sus espadachines. ¿Estás preparado? Espero que sí. Ven a echar un vistazo con la abuelita` cariño.,Привет` ангелочек. Бабушка хочет рассказать тебе захватывающую историю. Когда-то были орки и люди` воюющие между собой. Они боролись друг с другом с незапамятных времен. Они даже не знали` почему они боролись. Они просто сражались` потому что их отцы и матери делали это. Затем однажды! Бум! Они стали друзьями навек. Как так произошло? Почему? Потому что появилась угроза` надвигающаяся с северо-востока. Но прежде чем мы продолжим` вы должны знать` как построить ферму и казармы. А затем узнать про обучение мечников. Вы готовы? Я надеюсь` что да. Так давайте продолжим вместе со сладостями бабули.
stage title story 0_1,Orcs are very aggressive race. But they are pretty much like human beings. They sometimes ask a question about why orcs eat and smell things. It means they have ego. Just like human beings` they also do art work like painting and making sculptures. But there is one thing they don’t have a question about why they are doing it. That is a fight. Nobody ever in history of Orcs has a question about why they have to fight. They just fight like animals make doodies after mill. That was just a natural behavior. So as usual` Orcs were happy thinking about a fight that will be placed on the day after. But Adun the newbie general of human side already knew about the fight Orcs’ plan. Thus he decided to attack them before the sunrise.,오크는 매우 호전적인 종족이야. 응? 호전적인게 뭐냐구? 쌈박질 좋아한다는 뜻이지. 흐흐. 그런데 그들도 인간과 많이 다르지는 않았어. 그들도 자신의 존재가치에 대한 질문을 던질 수 있을 만큼의 지성을 가진 종족이었지. 그들도 인간들처럼 그림도 그리고 조각도 하는 문명인이라는거야. 다만 하나 다른점이라면 그들은 쌈박질에 관해서라면 이유가 필요하지 않았지. 왜 싸우는지도 중요치 않았어. 그저 본능처럼 싸우는 거야. 싸울 상대가 없으면 지들끼리도 싸우곤 하지. 그런 그들이었으니. 다음날 펼쳐질 인간과의 전쟁을 기다리는 시간이 너무나도 즐거웠어. 하지만 휴먼족의 장군인 아둔 역시 싸우는 걸 무척이나 좋아했어. 하지만 지는게 너무 싫었던 그는 정면 싸움을 그리 즐기지는 않았어. 그래서 그는 약속된 전쟁의 전날밤에 오크를 기습하기로 결정한거야!,Los orcos eran una raza muy agresiva` pero se parecían mucho a los humanos. A veces se preguntaban cosas como por qué comían u olían cosas` lo que quiere decir que eran conscientes de su existencia. Al igual que los humanos` también hacían trabajos artísticos` como pinturas y esculturas. Sin embargo` había una única cosa que no se cuestionaban; y esa era la lucha. Nunca nadie` en la historia de los orcos` se había preguntado por qué tenían que luchar. Para ellos` luchar era como respirar` estaba en su naturaleza. Así que` como siempre había sido` los orcos eran felices pensando en la batalla que tendría lugar el día siguiente. Sin embargo` Adun` el nuevo general de los humanos` ya sabía cuál era el plan de los orcos. Así que decidió atacarles antes del amanecer.,Орки очень агрессивная раса. Но они весьма похожи на людей. Иногда они задаются вопросом о том` почему же они едят` зачем чувствуют запахи. А это говорит о том` что у них есть сознание. Так же` как и люди` они делают занимаются творчеством: пишут картины или делают скульптуры. Но есть одна вещь` по поводу которой у них не возникает вопроса «зачем?» – это сражения. Никто в истории орков не задавался вопросом о том` почему они должны сражаться. Они просто дерутся` как животные предаются утехам за мельницей. Это было просто естественное поведение. Что ж` как и всегда` орки были счастливы` думая о завтрашнем сражении. Но Адун` новый предводитель войска людей` уже знал о планах орков. Что бы опередить их` он решил атаковать до рассвета.
stage title story 0_2,It was not long after humans started enjoying their victory. Because Orcs are very nimble` it took a less than a few hours for the other Orcs to come to the battle field. It was impossible to win against hundreds of Ocrs. Adun only has a dozen of swordsmen and archers after the glorious battle. But lucky for Adun` Orcs are very upset. They don’t wait for the other troop. Once they arrived` they attack. So Adun does not have to fight against hundreds of Orcs at a single battle. It is just a battle against a few of Orcs for hundred times. But it is not easy. Orcs are very strong. Adun needs one more card. And he knew the best defense is the best attack. Orcs has a report that humans are defending themselves at their base. But humans are advancing forward and forward. Who do you think will win the battle?,휴먼족은 기습을 성공하고 지난 전투에서 승리를 거머쥐었지. 하지만 승리에 취해서 잠시 병사들을 그 자리에서 쉬게한 아둔의 결정은 정말 큰 실수였어. 발빠른 오크족은 동족의 패배 소식을 듣고 전장으로 출발했고` 그 수가 수백에 달하는 오크족 병사들이 전장으로 오고 있다는 첩보를 듣게 됐거든! 불행히도 아둔의 병력은 기습을 위해 기동성을 중시해서 그 숫자가 많이 않았어. 기껏해야 50명의 정예부대. 그마저도 전투에서 절반 이상을 잃었지. 하지만 아둔은 절망하지 않았어. 왜냐구? 아둔은 오크족을 잘 알고 있었거든. 싸움을 참지 못하는 오크족은 전장에 도착하는 족족 전투를 걸어오지. 아둔은 수백의 병력과 한 번에 전투를 벌이는 대신 10명도 되지 않는 적들과 수십번의 전투를 하면 되는 거였어. 하지만 그리 쉽지만은 않다는 것도 알고 있었지. 오크족은 전투를 좋아하는 만큼 아주 강한 전사들이거든. 그래서 아둔은 한 가지 방법을 떠올렸어. 그 자리에서 방어하는 것보다 적이 오는 방향으로 전진에서 매복을 하는 거였지. 과연 아둔은 이 전투도 이길 수 있을까?,Los humanos no tardaron mucho en celebrar su victoria. Pero los orcos eran avispados y solo bastó con unas pocas horas para que otros orcos acudieran al campo de batalla. Era imposible ganar contra centenares de orcos y a Adun solo le quedaban una docena de espadachines y arqueros tras la gloriosa batalla` pero` por suerte para Adun` los orcos estaban muy cabreados y atacaban según llegaban` sin esperar al resto de las tropas. De manera que Adun no tuvo que enfrentarse a centenares de orcos en una sola batalla. Solo a unos cientos de batallas contra unos pocos orcos en cada una. Sin embargo` no fue fácil` pues los orcos eran muy fuertes. Pero Adun tenía un as bajo la manga y sabía que la mejor defensa es un buen ataque. Los orcos informaron de que los humanos se estaban defendiendo en su base` pero en realidad avanzaban cada vez más. ¿Quién crees que ganará?,Вскоре люди начали упиваться своей победой. Вскоре все больше и больше новых орков выходили на поле боя. Казалось невозможным победить сотни орков. После славной битвы Адун имеет лишь дюжину мечников и лучников. Адуну повезло` что орки разрознены. Они` не дожидаясь прибытия других отрядов` сразу же вступают в бой. Так что Адуну не нужно сражаться с сотнями орков одновременно. Это просто битва против нескольких орков` повторяющаяся раз за разом. Хотя` даже это нелегко. Ведь орки очень сильны – война у них в крови. Адуну нужна другая стратегия. И он знал` что лучшая защита – это нападение. Орки сообщают` что люди защищаются на своей базе. Шаг за шагом` люди продвигаются всё дальше. Как вы думаете` кто же победит в этой битве?
stage title story 0_3,Orcs get serious damage fm the last battle against humans. Khalan the chief of Ocrs commands to concentrate all the troop. Yes. It is time to face the biggest battle ever. But wait! Who is it? Someone under weird mask shows up with his weird laughing sound. It took a few seconds before Adun recognized him. He is Lamington the legendary hero that was kicked from the army for having an affair with a female orc. Story tells he has been dead. But that is not true. He is alive and standing in front of Adun. Because he is a huge fan of the hero` Adun has so many questions for the hero. Why is he here? What is he doing here? Why is the mask so weird?,오크는 지난 전투에서 큰 피해를 입었어. 그제서야 오크 족장인 칼란은 동족들을 한데 모았지. 맞아. 흥분한 칼란은 온동족을 모아서 역사상 가장 큰 전쟁을 벌이려고 하고있어! 근데 이게 누구야? 가면을 쓴 이상한자가 그들을 가로막았어. 이상한 웃음소리를 내면서 말이야. 하지만 아둔은 한 번에 그를 알아보았지. 그는 여성오크와 사랑에 빠져 휴먼족에게서 추방당한 레밍턴 장군이었어! 그가 죽었다는 소문이 돌았지만 사실이 아니었던게지. 살아있는 그가 지금 아둔의 눈앞에 서있으니까 말이야. 아둔은 어릴적부터 레밍턴을 동경해왔어. 궁금한게 너무도 많았지만 지금 가장 궁금한 건 하나였지. 그 멋있던 레밍턴이 왜 저런 이상한 가면을 쓰고 있는걸까?,Los orcos salieron bastante malparados de su última batalla contra los humanos. Khalan` el jefe de los orcos` ordenó reunir a todas sus tropas. Sí. Era el momento de enfrentarse a la mayor batalla jamás vista. ¡Espera un momento! ¿Quién era ese? Un misterioso enmascarado apareció con una risa macabra. Adun lo reconoció enseguida. Se trataba de Lamington` el héroe legendario que fue expulsado del ejército por tener un romance con una orca. Las historias contaban que estaba muerto. Al parecer se equivocaban` porque estaba vivo y frente a Adun. Como Adun era un gran fan del héroe` tenía muchas preguntas que hacerle. ¿Por qué estaba allí? ¿Para qué? ¿Por qué la máscara era tan rara?,Орки получают серьезный урон в последней битве против людей. Халан` вождь орков` приказывает сосредоточить все войска. Да! Настало время столкнуться в самой большой битве в истории. Но подождите! Кто это? Кто-то` скрываясь под странной маской и смеясь` появляется перед Адуном. Прошло всего несколько секунд` прежде чем Адун узнал его. Он - Ламингтон` легендарный герой` которого изгнали из армии за роман с женщиной-орком. История говорит` что он был мертв. Но это неправда. Он жив и стоит перед Адуном. У Адуна так много вопросов к герою. Почему он здесь? Что он здесь делает? Почему маска такая странная?
stage title story 0_4,Lamington is not bluffing. He actually has superior army than any of Orcs and humans. And the first target would be Orcs. Orcs are very aggressive and never pullback. But this time it is a little bit different. Orcs are terrified. They fear not on the field. But when it comes to ghost and zombies. They fear a lot. At that time` Adun realized humans can’t defeat Lamington’s army either. Humans has to conclude an alliance with Orcs. He hates Orcs. But zombies are the worst.,레밍턴의 말은 허풍이 아니었어. 정말로 그의 병력은 오크와 휴먼의 병력을 크게 상회하고 있었거든. 그리고 그 병력의 오크를 향해 가고 있었지. 오크는 용맹하고 전투에 있어서는 두려움을 몰랐지만 이 번엔 달랐어. 그 용맹하던 오크들이 겁을 먹었지. 죽는것도 두려워하지 않는 오크들도 무서운게 하나 있던거야. 바로 귀신들이지. 좀비도 그들이 보기엔 귀신같았던 거야. 오크들은 그들에게서 도망가기 바빴지. 같은 시간 아둔은 다른 생각을 하고 있었어. 레밍턴의 병력을 휴먼족만으로는 감당하기 어렵다는 걸 깨닫는데는 그리 오랜 시간이 걸리지 않았지. 레밍턴과의 전쟁을 이기기 위해선 오크와의 협력이 불가피하단 결론에 도달했던거야. 오크도 싫지만 좀비는 더 싫었거든.,Lamington no iba de farol. Era cierto que su ejército era más grande que el de los orcos y los humanos. Y su primer objetivo serían los orcos. Los orcos eran muy agresivos y nunca se rinden` pero esta vez era diferente; estaban aterrorizados. No temían al campo de batalla` pero cuando se trata de fantasmas y zombis...se cagaban de miedo. En ese momento` Adun se dio cuenta de que tampoco era capaz derrotar al ejército de Lamington. Los humanos tenían que fundar una alianza con los orcos. Adun los odiaba` pero los zombis eran lo peor.,Ламингтон не блефует. У него на самом деле армия превосходящая армии людей и орков вместе взятых. Его первой целью стали орки. Они очень агрессивны и никогда не отступают. Но на этот раз все немного по-другому. Орки в ужасе. Они не боятся войны. Но вот зомби` призраки` да` это ввергает их в ужас. Адун понимает` что ему не одолеть армию Ламингтона. Люди должны объединиться с орками` заключить с ними союз. Ненависть к оркам велика` но из двух зол выбирают меньшее.
stage title story 0_5,So Adun saved Orc troops. They both hate each other. But not now. Now` they have a common enemy. There is a saying that enemy’s enemy is my friend. Until the threat of zombies disappear` they decided to put all they power to clean the zombies out. Everything looks promising. But it wasn’t. He has no idea what’s coming next. Who’s he? Well` let’s find out.,그래서 아둔은 오크족을 도와 좀비와의 첫 전투를 승리로 이끌었어. 그들은 당장이라도 서로에게 무기를 들이대고 싶었지만 지금은 그럴때가 아니란걸 알고 있었지. 지금은 공공의 적이 있거든. 적의 적은 나의 아군이란 말도 있지. 뭐 대부분은 그렇지 않지만.(키키) 아무튼 그들은 좀비의 위협이 사라질 때까지 불가침조약을 맺었어. 모든게 희망적이었지. 마치 오크와 휴먼간의 긴 전쟁이 끝난 것처럼 말이야.,De modo que Adun salvó a las tropas orcas. Ambos se odiaban` pero no era el momento para ello` tenían un enemigo común. Según el dicho` el enemigo de mi enemigo es mi amigo. Decidieron no darse por vencidos hasta que acabaran con los zombis. Todo parecía prometedor... Nada más lejos de la realidad. Adun no tenía ni idea de lo que se le venía encima. ¿Qué sería? Bueno` vamos a averiguarlo.,Адун спасает войска орков. Они оба ненавидят друг друга. Но сейчас не время для вражды. Новый враг стоит на пороге и одолеть его можно лишь совместными усилиями. Говорят` что враг моего врага - мой друг. И пока угроза зомби не исчезла` они решили использовать все свои силы` чтобы справиться с ней. Выглядит многообещающе. Но это не так. Он понятия не имеет` что будет дальше. Кто он? Ну` давай узнаем.
stage title story 0_6,One of Orcs troop accidentally witnessed Lamington is crawling in to a house that looks like his shelter. Did they find out his place? It that really Lamington’s house? It doesn’t matter. If they can catch him` the war is over. Nobody can possibly find a single reason to hesitate. Adun gathers good men and made them sneak into the zone.,오크 병사 중 하나가 레밍턴이 어떤 집으로 들어가는 걸 목격했다는 소식이 들려왔어. 그게 레밍턴의 집인지 잠시 들른건지는 알 수 없었지. 하지만 만약 그게 레밍턴의 집이고 그가 휴식을 취할 때 습격해서 레밍턴을 저지하면 이 전쟁을 끝낼수도 있는 일이었지. 물론 함정일 수도 있어. 하지만 그냥 놓치기에는 너무 아까운 기회였지. 그 누구도 망설일 이유를 찾지 못했어. 아둔은 즉시 기동대를 편성하고 그 지역으로 침투했어. 하지만 그 길목에는 좀비들이 가득했지! 정말 그 집은 레밍턴의 주둔지인걸까?,Una de las tropas orcas vio` casi sin quererlo` como Lamington se arrastraba hasta una casa que parecía ser su refugio. ¿Habrían encontrado su guarida? ¿Sería realmente la casa de Lamington? No importaba; si lo atrapaban` la guerra se acabaría. Nadie podía encontrar una razón para echarse atrás. Adun juntó a sus mejores hombres y se infiltraron en la zona.,Один из отрядов орков` случайно увидевший Ламингтона` заползает в дом` похожий на его укрытие. Они обнаружили его логово? Это действительно дом Ламингтона? Это не имеет значения. Если они смогут его поймать` то война будет окончена. Нет причин колебаться. Адун собирает отряд и отправляет их пробраться туда.
stage title story 0_7,The place they sneaked into was a trap. IT’S A TRAP! Swarm of zombies awaits them. It looks like there is no way out. A second before they gave up their lives` they saw a little light. God never gave up on them. The trap is in the forest which by the way looks really familiar to them. It was kind of a maze. Zombies stopped moving. Because they are not smart enough to break the path. They have a final chance to break the situation.,그들이 침투한 지역은 역시나 함정이었어. 좀비떼가 그들을 기다리고 있었지. 빠져나갈 구멍은 하나도 보이지 않았어. 전투를 포기하고 무기를 내려놓으려던 찰나! 그들은 한 줄기 빛을 보았지. 아직 신은 그들에게서 시선을 떼지 않았던게야! 그 곳은 수 년전 그들이 야영했던 장소와 가까웠지. 마치 미로같았던 그들의 야영지. 그 숲이라면 좀비들에게서 시간을 벌고 전열을 재정비 할 수 있다 판단하고 그들은 그 숲으로 향했어.,El lugar en el que se infiltraron era una trampa. ¡UNA TRAMPA! Una plaga de zombis les esperaba. Parecía no haber escapatoria. Un instante antes de darse por vencidos` vieron una lucecilla. Dios no les había abandonado todavía. La trampa estaba en un bosque que les resultaba familiar` parecía un laberinto. Los zombis se detuvieron porque no eran lo suficientemente listos como para averiguar el camino. Tenían una última oportunidad de darle la vuelta a la tortilla.,Место` куда они проникли` оказалось ловушкой. ЭТО ЛОВУШКА! Рой зомби поджидал их. Похоже` выхода нет. За миг до того` как они попрощались со своими жизнями` луч света пробился сквозь ветви. Бог никогда не покидал их. Ловушка располагалась в лесу` который` кстати` кажется им очень знакомым. Это был своего рода лабиринт. Зомби застыли` не в состоянии найти путь в нём. У отряда остался последний шанс переломить ситуацию в свою пользу.
stage title story 0_8,Humans just survived through the critical trap. But who knows what’s coming next? An unexpected situation is waiting for them. Orcs were killing each other. Adun’s jaw has dropped. And one of the axes flying over the field was heading to Adun! And right before the axe was about to make a knock knock joke on Adun’s head` someone hit the axe away and saved his life. It was Khalan. What happened to Orcs? It was a revolt. Some Orcs hated Humans way more than they did Zombies. Adun has no other option but help disable the revolt.,아둔은 겨우겨우 함정에서 빠져나왔어. 야영지에 있던 금광 때문에 더욱 강화된 병력과 함께 전장에서 당당히 돌아올 수 있었지. 하지만 이게 왠걸? 어처구니 없는 일들이 눈앞에 펼쳐지고 있는게 아니겠니? 오크들이 서로 싸우고 있던거야. 그러다 오크의 도끼가 아둔에게 날아오던 찰나에 칼란의 도끼가 날아와 아둔의 머리칼을 자르고 목을 향하던 도끼를 날려버렸어. 오크족 내에서 반란이 일어난거야. 좀비도 싫지만 휴먼족이 너무나도 싫었던 일부 오크족이 칼란에게 반기를 들었던게지. 좀비보다 휴먼이 더 싫은 오크도 있었던게야.,Los humanos acababan de sobrevivir a una trampa mortal. Pero` ¿quién sabe qué vendría después? Una situación inesperada les aguardaba; los orcos se mataban entre ellos. Adun estaba perplejo. En ese momento` vio como un hacha orca se dirigía hacia su cabeza dispuesta a darle un beso de buenas noches` pero ` de repente` otra hacha orca se interpuso para salvarle la vida; era el de Khalan. ¿Qué pasaba con los orcos?. Simple. Algunos odian a los humanos más que a los zombis. Era una rebelión y a Adun no le quedaba otra que pararla.,Отряду всё же удалось выжить в этой ловушке. Но кто знает` что будет дальше? Что-то непредсказуемое ждёт их. Орки убивали друг друга. У Адуна отвисла челюсть. Один из топоров летел прямо в Адуна! За миг до того` как топор собирался впиться в голову Адуна` кто-то взмахнул топором и спас ему жизнь. Это был Халан. Что твориться с орками? Это бунт? Некоторые орки ненавидели людей гораздо больше` чем зомби. У Адуна не осталось другого выбора` кроме как помочь подавить бунт.
stage title story 0_9,The revolt of Orc is disabled with a help of Human. But as I said` nobody knows what’s coming. This time. There is a trouble in an army of Humans. A betrayer was helping Lamington’s plan. Why? Because he doesn’t like the fact that Orcs and Humans getting along. He is so furious about that. He decided to help Lamington to extinguish Orcs and Humans on this planet. So stuipid` right?,휴먼의 도움으로 오크족의 반란군을 모두 무력화시킬 수 있었어. 하지만 이 다음에 무슨 일이 일어날지는 아무도 모르는 일. 이번엔 휴먼족 내에서 분란이 있었던게야. 배신자가 몰래 레밍턴을 돕고 있었지. 왜냐구? 반란을 일으켰던 오크와 같은 이유야. 오크에게 부모를 잃은 많은 병사들은 오크와의 동맹을 받아들일 수가 없었지. 오크의 적이 되길 원했던 그들은 오크와 동맹을 맺은 휴먼이 아닌 오크의 적. 바로 좀비들의 편에 섰던 것이지. 정말 바보같은 생각 아니니?,Se neutralizó la rebelión de los orcos gracias a los humanos. Pero` como he dicho` nadie sabía qué estaba pasando. Esta vez había un problema dentro del ejército de los humanos. Un traidor había estado ayudando a Lamington con su plan. ¿Por qué? Porque no le hacía ninguna gracia que orcos y humanos se llevasen bien. Estaba tan cabreado que decidió ayudar a Lamington a erradicar tanto a orcos como a humanos de este planeta. Qué tontería` ¿no?,Восстание орков было остановлено с помощью людей. Но` как я уже говорил` никто не знает` что будет. В это время` в армии людей появилась проблема. Обнаружился предатель` помогавший воплощать план Ламингтона. Зачем? Ему не понравился факт того` что орки и люди ладят друг с другом. Это злит его` и он решил помочь Ламингтону уничтожить орков и людей на этой планете. Как же глупо` не так ли?
stage title story 0_10,Now` there is no interruption between each other. Just Zombies vs Human and Orc alliance. At first` it looks like Zombies are so many like they will never stop coming up from the ground. And it is. They are endless. But there is a hive of zombies. Without the hive they can’t continue infecting dead bodies. And it is in front of Adun’s army. It is not going to be easy. But it is something Adun must face.,모든 분란이 사라지고 드디어 좀비와 오크 휴먼 동맹은 큰 전쟁을 앞두게 되었지. 휴먼과 오크는 좀비군대를 앞에 두고 생각했어. 처음엔 끝도 없어 보이던 좀비들이 지금도 끝도 없어 보이는거야! 사실이야 끝도 없어. 산사람은 물론 죽은 시체들까지 좀비로 일으켜세우니까 말이야. 하지만 멈출 수 있는 방법은 있지. 좀비 하이브. 그걸 없애면 시체들이 좀비화되는 걸 막을 수 있어. 그리고 아둔의 군대는 마침내 하이브 앞까지 도착했지. 이 전투가 쉽지는 않을꺼야. 하지만 피할 수도 없는 전투 이기도 하지.,Ya no había nada que les parase los pies. Tan solo zombis contra la alianza de humanos y orcos. Al principio había tantos zombis que parecía que no pararan de salir del suelo. Y así era` eran incontables. Sin embargo vieron una colmena de zombis frente al ejército de Adun` si la destrozaban` dejaría de infectar a los cadáveres. No iba a ser fácil` pero era algo a lo que Adun tenía que enfrentarse.,Но сейчас нет никаких помех между орками и людьми. Просто зомби против людей и орков. Сначала кажется` что зомби так много` что они никогда не перестанут подниматься из-под земли. И это так. Им нет конца. Но есть улей. Без улья они не смогут продолжать заражать мертвые тела. И он прямо перед армией Адуна. Это будет нелегко. Но Адун должен столкнуться с этим.
stage title story 0_11,The hive of Zombies are gone. No more fresh zombies are rising. Just smashing current zombies will save the world. And maybe another war will begin between Human and Orc. But Adun is thinking Orc might change after this battle. Maybe they can live along just like they do now. So Adun is running to Zombies with a smile on his face thinking about a world without a war. But the biggest war on the history is reserved after this battle. Nobody knows what’s coming.,좀비 하이브가 사라졌어! 아둔의 전략이 성공한거지. 더 이상 싱싱한 좀비는 만들어지지 않을꺼야. 눈에 보이는 좀비들만 뭉개버리면 다시 좀비없는 세상이 오는거지. 좀비가 없는 세상에는 다시 오크와 휴먼의 전쟁이 자리를 잡겠지만. 아둔은 한 가지 희망을 가지고 있었어. 이 전투 후에 같이 싸운 서로를 동료로서 맞이하고 영원한 동맹을 맺는 희망 말이야! 지금처럼 어깨를 나란히 한 채 살아가는 휴먼과 오크를 생각하며 아둔은 요상한 미소를 머금은 채 좀비들을 향해 돌진했어. 이 전투가 세상의 마지막 전투이길 바라며! 어리석게도 말이야.,La colmena de zombis fue destruida. No aparecían nuevos zombis` solo aplastar a los que quedaban salvaría el mundo. Y probablemente otra guerra entre orcos y humanos empezaría. Aunque Adun pensaba que los orcos podían cambiar tras esta batalla y` quizás` pudieran convivir como lo hacían en ese momento. De manera que se abalanzó contra los zombis con una sonrisa en la cara al pensar en un mundo sin guerras. Sin embargo` la mayor guerra de la historia aguardaba tras esta batalla. Nadie sabía qué sería lo próximo.,Улей зомби ушел. Новым зомби теперь неоткуда взяться. Осталось просто истребить их остатки и это спасёт мир. И` возможно` начнется еще одна война между людьми и орками. Но Адун считает` что орки возможно изменятся после этой битвы. Быть может` они смогут жить так же` как сейчас` без распрей между народами. Итак` Адун бежит к зомби с улыбкой на лице` думая о мире без войны. Но эта война войдёт в историю как самая великая. Никто не в состоянии предсказать` что будет дальше.
stage title 1_0,Beginning of the second war,2차 전쟁의 시작,Inicio de la segunda guerra.,Начало второй войны
stage title 1_1,Suspicious Orcs,수상한 오크,Orcos sospechosos,Подозрительные Орки
stage title 1_2,Weird Human beings,이상한 휴먼,Seres humanos raros,Странные люди
stage title 1_3,A stupid man,멍청한 남자,Un hombre estupido,Глупый человек
stage title 1_4,Zombies again,다시 나타난 좀비,Zombies de nuevo,Опять зомби
stage title 1_5,Betrayers again,또 다른 반란,Traidores de nuevo,Опять предатели
stage title 1_6,Overwhelming,위기,Abrumador,Подавляющий
stage title 1_7,Another alliance,또 한 번의 동맹,Otra alianza,Еще один альянс
stage title 1_8,Reconstruction,재건,Reconstrucción,Реконструкция
stage title 1_9,A spy,첩자,Un espía,Шпион
stage title 1_10,Frontline,전선,Frontline,Frontline
stage title 1_11,End of Numan,뉴먼의 마지막,Fin de Numan,Конец Нумана
stage title story 1_0,"A threat from a horde of zombies vanished. And Humans and Orks started a war again. But it was a little bit different from before. Khalan, Orc's chief, still think humans are naughty to destroy the nature. But he was surprised at that they didn’t notice they had been destroying the nature. So he started to think Humans are not only naughty but also stupid.",거대한 좀비 떼의 위협이 사라졌다. 그리고 휴먼과 좀비 간의 전쟁은 다시 시작되었다. 하지만 이번엔 오크의 족장인 칼란의 생각이 조금 바뀌었다. 휴먼족이 못되처먹었다는 사실에는 변함이 없으나. 그들이 자연을 해치고 있다는 것을 자각하지 못하고 있다는 사실에 그들은 더 놀란 것이다.,"Una amenaza de una horda de zombies desapareció. Y los humanos y los orkos comenzaron una guerra de nuevo. Pero fue un poco diferente de antes. Khalan, el jefe de Orc, todavía piensa que los humanos son malos para destruir la naturaleza. Pero se sorprendió de que no notaran que habían estado destruyendo la naturaleza. Así que comenzó a pensar que los humanos no solo son traviesos, sino también estúpidos.","Угроза от орды зомби исчезла. И война между человеком и зомби началась снова. Но в этот раз все было несколько иначе. Калан, вождь Орков, все еще считает что люди отвратительны и уничтожают природу. Но он был удивлен что они не осознают то, что наносят вред природе. Поэтому Калан начал считать людей не только отвратительными, но и тупыми."
stage title story 1_1,Khalan was taking a walk in the dawn. During the walk` he found few Orcs that acts weird. Some of them seem surprised to see Khalan. And some of them was hiding behind the trees. They looked like Human rangers who hunt Orcs. And finally he witnessed weird Orcs attacking other Orcs. Khalan was furious about what happened in front of his eyes. So he decided to terminate the Orcs who attacked its own family.,아침 산책 중이던 칼란에게 수상한 행동을 하는 오크들이 눈에 띄었다. 어떤 오크는 칼란과 마주쳤을 때 놀라서 도망가는 오크도 있었고 오크들만 다니는 길목에 잠복해있는 오크들도 있었다. 마치 그들이 동족인 오크를 사냥하려는 것처럼. 이내 칼란은 동족을 공격하는 오크를 목격한다. 분노에 찬 칼란은 동족에게 무기를 든 오크들의 전부 잡으라는 명령을 내린다.,Khalan estaba dando un paseo al amanecer. Durante la caminata 'encontró pocos orcos que actúan de manera extraña. Algunos de ellos parecen sorprendidos de ver a Khalan. Y algunos de ellos se escondían detrás de los árboles. Parecían los rangers humanos que cazan orcos. Y finalmente fue testigo de extraños orcos atacando a otros orcos. Khalan estaba furioso por lo que pasó frente a sus ojos. Así que decidió acabar con los orcos que atacaron a su propia familia.,"Калан прогуливался на рассвете. Во время этого он заметил несколько подозрительно ведущих себя орков. Некоторые из них были удивлены видеть Калана. А некоторые из них прятались за деревьями. Как будто они охотились на своих собственных орков. И наконец Калан становится свидетелем нападения странных орков на других орков. Калан в гневе приказывает уничтожить орков, которые напали на свою собственную семью."
stage title story 1_2,Khalan was scouting for a new outpost. And he found something strange. Human workers are carrying lumbers to the Orcs HQ. That was not possible. Because Orcs have a rule that they do not slave human being. Captured Human being were either killed or released. What happend?,칼란은 전진 기지 배치를 위해 정찰을 가고 있었다. 그런데 그곳에서 이상한 휴먼을 발견하였다. 일꾼들이 나무를 베어 오크의 움막으로 들어가는게 아닌가? 칼란은 두 눈을 의심했다. 인간이 오크를 위해 일한다는 건 있을 수 없는 일이기 때문이다. 오크는 휴먼을 잡으면 판결을 내려 나쁜 휴먼은 죽이고 그렇지 않는 휴먼은 풀어주는 것이 규율이 있었기 때문이다. 도대체 무슨일일까?,Khalan estaba buscando un nuevo puesto de avanzada. Y encontró algo extraño. Los trabajadores humanos están transportando madera a la sede de los Orcos. Eso no fue posible. Porque los orcos tienen una regla que no esclavizan al ser humano. Ser humano capturado fue asesinado o puesto en libertad. ¿Lo que pasó?,Калан разведывал место для нового аванпоста. И он обнаружил там что-то странное. Человеческие рабочие несли древесину в хижины орков.Это было невозможно. У орков было правило не держать в рабстве людей. Захваченных людей или убивали или отпускали. Что же произошло?
stage title story 1_3,Before his heart calmed down from Orcs who attack its own family` a strange Human approached to him. His name was Justin. He said that there are Humans who do not like other Humans who destroyed the forest. So he wanted Khalan to help Justin’s army to attack the mean Humans. But Khalan did not believe it. And he kicked him out.,동족을 공격하는 오크에게 놀란 가슴이 진정되기도 전에 이상한 휴먼이 칼란에게 다가왔다. 그는 자신을 저스틴이라 소개했다. 자연을 해치는 인간들에게 반기를 든 인간들이 있다며 오크에게 동맹을 요청하였다. 칼란은 저스틴이 자신을 속이려는 수작이라 생각하고 저스틴을 겁주어 내쫒았다. 이상한 일들이 자꾸 생기자 칼란의 머리속은 복잡해졌다.,"Antes de que su corazón se calmara de los orcos que atacan a su propia familia, un humano extraño se le acercó. Su nombre era Justin. Dijo que hay humanos a quienes no les gustan otros humanos que destruyeron el bosque. Así que quería que Khalan ayudara al ejército de Justin a atacar a los humanos humildes. Pero Khalan no lo creyó. Y él lo echó.","Не успел Калан оправится от орков, напавших на его собственных людей, как к нему пришел странный человек. Его имя было Джастин. Он рассказал, что есть люди которые восстали против людей, которые наносят вред природе. И он хотел, чтобы Калан помог его армии напасть на злых людей. Но Калан не поверил этому и выгнал его."
stage title story 1_4,A threat from a horde of zombies vanished. But that did not mean that all zombies are distinguished. That is impossible. And Khalan had to fight against those zombies` too. And he knows how.,거대 좀비의 위협은 없어졌지만 모든 좀비들이 사라진건 아니었다. 소수의 좀비들은 어디서나 발생하였다. 그러다 조금 큰 무리의 좀비들도 생겨나기 시작했다. 꽤 넓은 지역을 오가는 칼란 역시 그것들과 마주할 수 밖에 없었다.,Una amenaza de una horda de zombies desapareció. Pero eso no significaba que todos los zombies fueran distinguidos. Eso es imposible. Y Khalan tuvo que luchar contra esos zombies también. Y él sabe cómo.,"Угроза орды зомби исчезла, но это не означало, что все зомби исчезли. Это невозможно. И Калану пришлось бороться с этими зомби тоже. И он знал как это сделать."
stage title story 1_5,Weird Orcs and strange Humans appeared to be a huge alliance. Those have something in common. Both of them wanted to take advantage of Nature. And it looked like it wasn’t easy to take them down.,수상한 오크와 이상한 휴먼의 움직임은 결국 거대한 반란군 연합을 형성하였다. 자연을 발판삼아 번성하는 길을 택한 자들이 자연과 함께 살아가길 원하는 자들에게 반기를 든것이다. 준비없이 맞이하게 된 이 거대한 반란은 쉽게 잠재울 수 있는 것이 아니었다.,Orcos extraños y humanos extraños parecían ser una gran alianza. Esos tienen algo en común. Ambos querían aprovechar la naturaleza. Y parecía que no era fácil derribarlos.,"Подозрительные Орки и странные Люди в конечном итоге сформировали огромную повстанческую коалицию. Те, кто выбрал путь процветания, основанный на природе, восстали против тех, кто хочет жить с природой. Это массовое восстание, которое было произведено без подготовки, было нелегко подавить."
stage title story 1_6,"Khalan, who was pushed by the rebels, became a fugitive. But Khalan is still accepted as a hero to many orcs. The Orcs who support Khalan's will wanted to be his force and it was not difficult to find such an orc. Khalan started to re-build his force with the other Orcs.",반란군에게 밀린 칼란은 도망자 신세가 되었다. 하지만 칼란은 아직 많은 오크족에겐 영웅으로 받아들여지고 있다. 칼란의 뜻을 지지하는 오크족은 그에게 힘이 되길 원했고 그런 오크를 발견하는 일은 그리 어렵지 않았다. 칼란은 꺽이지 않는 창 한 자루를 가슴에 품고 반란군을 몰아내기 위한 작전에 돌입한다.,"Khalan, quien fue empujado por los rebeldes, se convirtió en un fugitivo. Pero Khalan todavía es aceptado como un héroe para muchos orcos. Los orcos que apoyan la voluntad de Khalan querían ser su fuerza y no era difícil encontrar un orco así. Khalan comenzó a reconstruir su fuerza con los otros orcos.","Каран, которого толкнули повстанцы, стал беглецом. Но Калан все еще считается героем для многих орков. Орки, поддерживающие волю Калана, хотели быть с ним, и найти такого орка было несложно. Калан начал планировать выгнать повстанцев."
stage title story 1_7,"The Orc Rebellion, which was also allied with some of the Humans, was not easily overtaken. Justin appeared once again in front of Khalan, who was struggling. It is Human's main regime, not a small force. And it is not easy to take control of the Human's main regime and the Orc Rebellion. Once again, Justin suggested an alliance to Khalan. And Khalan could not refuse it.",일부 휴먼족과도 동맹을 맺은 오크 반란군은 좀처럼 쉽게 따라잡을 수 없는 규모였다. 고심하던 칼란의 앞에 저스틴이 다시 한 번 나타난다. 오크 반란군과 손을 잡은건 휴먼의 일부가 아닌 주정권이고 휴먼의 주병력과 오크 반란군을 제압하는 일은 쉽지 않을 것이라 했다. 자신과 손을 잡으면 이를 타개할 방법이 있다며 다시 한 번 저스틴은 칼란에게 동맹을 제안했고. 칼란은 이를 거절할 수 없었다.,"La Rebelión de los Orcos, que también estaba aliada con algunos de los Humanos, no fue superada fácilmente. Justin apareció una vez más frente a Khalan, quien estaba luchando. Es el principal régimen de los humanos, no una pequeña fuerza. Y no es fácil tomar el control del régimen principal del Humano y la Rebelión de los Orcos. Una vez más, Justin sugirió una alianza a Khalan. Y Khalan no pudo rechazarlo.","Восстание Орков, которое также было связано с некоторыми из Людей, было нелегко подавить. Джастин снова появляется перед Каланом, который боролся. Это не основной режим, который является частью Человека, и нелегко взять под контроль Человеческое Большинство и Восстание Орков. Еще раз, Джастин предложил союз с Каланом. Калан не мог отказаться от этого."
stage title story 1_8,"Justin told Calan to get resources first. And when they gathered their troops and put half of the army as an outpost, they recognized it as a full-scale war and some of the main forces of humanity would be supported. And he ordered the other half to attack the castle of humanity. While Human Army is dispersed, Justin would arrest the king and take the regime. Human soldiers who went to support the Orc Rebellion also promised that if the regime changed, they would become Justin's army and promised to help them overcome the Orc rebel.",저스틴은 칼란에게 먼저 자원을 확보하라 말하였다. 그리고 병력을 모아 절반의 군사를 반란군 전초기지로 처들어가면 이를 전면전으로 인식하고 휴먼의 주병력 중 일부도 지원을 가게 될 것이라 하였다. 그리고 나머지 절반의 병력으로 휴먼의 성를 공격하라 지시했다. 병력이 분산된 휴먼군은 성방어에 정신이 없는 틈을 타서 저스틴은 왕을 체포하고 정권을 잡을 것이라 했다. 오크 반란군의 지원을 나갔던 휴먼의 군사들 역시 정권이 바뀌면 저스틴의 군사가 될 것이라며 이 후 오크 반란군을 제압하도록 도와줄 것이라는 약속을 했다.,"Justin le dijo a Calan que primero obtuviera recursos. Y cuando reunieron a sus tropas y pusieron a la mitad del ejército como un puesto de avanzada, lo reconocieron como una guerra a gran escala y se apoyaría a algunas de las principales fuerzas de la humanidad. Y ordenó a la otra mitad atacar el castillo de la humanidad. Mientras el Ejército Humano está disperso, Justin arrestaría al rey y tomaría el régimen. Los soldados humanos que fueron a apoyar a la Rebelión Orca también prometieron que si el régimen cambiaba, se convertirían en el ejército de Justin y prometieron ayudarlos a superar al rebelde Orco.","Джастин сказал Калану сначала получить ресурсы. И когда они собрали свои войска и поместили половину армии в качестве форпоста, они признали ее полномасштабной войной, и некоторые из основных сил человечества будут поддержаны. И приказал другой половине атаковать замок Человечества. Человек с децентрализованной человеческой расой был пойман в духе неповиновения, и Джастин сказал, что он арестует короля и захватит режим. Люди-солдаты, которые пошли поддержать Восстание Орков, также пообещали, что если режим изменится, они станут армией Джастина и пообещали помочь им победить повстанцев Орков."
stage title story 1_9,"One day, one of the human soldiers came to Calan. He said Justin was fooling Calan. After Calan helped Justin take control of goverment, he said Justin would not help Orc to suppress the rebels. Upon hearing this, Calan, who was upset, ordered the whole army to advance.",어느날 휴먼의 병사 중 한 명이 칼란을 찾아왔다. 그는 저스틴이 칼란을 속이고 있다고 했다. 칼란이 저스틴을 도와 저스틴이 정권을 장악하면 그 후 오크가 반란군을 제압하는데 도움을 주지 않고 방관할 것이라 말했다. 이 말을 듣고 분노한 칼란은 전군에게 진격을 명령했다.,"Un día, uno de los soldados humanos vino a Calan. Dijo que Justin estaba engañando a Calan. Después de que Calan ayudó a Justin a tomar el control del gobierno, dijo que Justin no ayudaría a Orc a reprimir a los rebeldes. Al escuchar esto, Calan, que estaba molesto, ordenó a todo el ejército avanzar.","Однажды один из людей-солдат пришел в Калан. Он сказал, что Джастин дурачит Калана. Если Калан помогает Джастину, Джастин становится королем. После этого солдат сказал, что Джастин будет наблюдать, не помогая орку свергнуть повстанцев. Услышав это, Калан, который был расстроен, приказал всей армии продвигаться вперед."
stage title story 1_10,"Listening to the false report of the Human Spy, the uplifting army of Calan arrived at the outpost of the Orc Rebels. Calan did not believe in Justin and did not believe the spy. The confused Calan thought the only way he can choose is to defeat Orc rebels without human's help. Hearing this news, the Lord's main powers also participated in helping the Orc Rebels. Justin was able to take control of Vinhuman's castle, but he decided to help Calan instead of taking control of the regime and ran to the battlefield.",휴먼 첩자의 거짓 보고를 듣고 진격한 칼란의 군대가 도착한 곳은 오크 반란군의 본거지였다. 칼란은 저스틴도 믿지 않고 첩자의 말도 믿지 않았다. 혼란스러웠던 칼란이 선택할 수 있는 유일한 방법은 휴먼의 도움 없이 오크 반란군을 제압하는 것이었다. 이 소식을 들은 휴먼의 주병력도 오크 반란군의 돕기 위해 출전했다. 빈 휴먼의 성을 쉽게 장악할 수 있는 저스틴이었지만 그는 정권장악 대신 칼란을 돕기로 하고 전장으로 달려간다.,"Escuchando el informe falso del espía humano, el ejército edificante de Calan llegó al puesto de avanzada de los rebeldes orcos. Calan no creía en Justin y no creía al espía. El confundido Calan pensó que la única forma en que puede elegir es derrotar a los rebeldes orcos sin la ayuda de un humano. Al escuchar esta noticia, los poderes principales del Señor también participaron en ayudar a los rebeldes orcos. Justin pudo tomar el control del castillo de Vinhuman, pero decidió ayudar a Calan en lugar de tomar el control del régimen y corrió al campo de batalla.","Прислушиваясь к ложному сообщению Человека-шпиона, прибытие возрождающейся армии Калана стало домом повстанцев-орков. Калан не верил в Джастина и не верил шпиону. Смущенный Калан был единственным способом победить повстанцев-орков без помощи человека. Услышав эту новость, главные силы Господа также участвовали в оказании помощи повстанцам орков. Джастин смог взять под контроль замок Винхумана, но он решил помочь Калану вместо того, чтобы взять контроль над режимом, и побежал на поле битвы."
stage title story 1_11,"The orcs had a tribe called goblins. The goblin entered into an alliance with the orcs in accordance with the Peace Treaty, but the goblin, having no combat capabilities, had to provide labor for the orcs. Goblin Newman, who was unhappy with this, planned to organize an alliance with full-fledged People to cancel this edition and expel him. And because of the false information, the plan to involve Kalan and Justin in the fight against each other is failure and ultimately a full-scale war.",오크족은 고블린이라는 종족을 산하에 두고 있었다. 고블린은 평화협정 아래 오크족과 동맹을 맺었지만 전투 능력이 부족한 고블린은 오크족을 위해 노동력을 제공하는 것이 전부였다. 이것이 불만이었던 고블린 뉴먼은 이 판을 뒤집기 위해서 사리사욕 충만한 휴먼족과의 동맹을 맺고 칼란을 몰아낼 계획을 세웠던 것이다. 그리고 칼란에게 첩자를 보내 쉽게 칼란과 저스틴을 제압하려던 계획이 실패로 돌아가고 결국 전면전을 펼치게 된다.,"Los orcos tenían una tribu llamada duendes. Goblin formó una alianza con los orcos de acuerdo con el Tratado de Paz, pero el goblin, al no tener capacidad de combate, tenía que proporcionar trabajo para los orcos. Goblin Newman, quien no estaba contento con esto, planeó organizar una alianza con People en toda regla para cancelar esta edición y expulsarlo. Y debido a la información falsa, el plan para involucrar a Kalan y Justin en la lucha uno contra el otro es un fracaso y, en última instancia, una guerra a gran escala.","У орков было племя, называемое гоблинами. Гоблин вступил в союз с орками в соответствии с Мирным договором, но гоблин, не имея боевых возможностей, должен был обеспечить рабочую силу для орков. Гоблин Ньюман, который был недоволен этим, планировал организовать альянс с полноценными Людьми, чтобы отменить это издание и изгнать его. И из-за ложной информации, план привлечь Калана и Джастина к борьбе друг с другом - провал и в конечном итоге полномасштабная война."
tutorial 0,Sweety. Welcome to the battle field. I will teach you how to battle. Select a worker. Look at the left side of this talk box. Workers look like this. Select one of them.,어서오렴. 전장에 온 걸 환영한다. 지금부터 뭘 어찌 해야되는지 가르쳐줄께. 우선 일꾼을 선택해보아라. 이 대화상자 왼쪽에 그림이 보이지? 저게 일꾼이란다. 한 명 선택해보렴.,Bienvenido al campo de batalla` cariño. Te enseñaré a luchar. Selecciona un trabajador. Mira a la izquierda. Los trabajadores son así. Selecciona uno de ellos.,Дорогуша` добро пожаловать на поле битвы. Я научу тебя` как сражаться. Выберите рабочего. Посмотрите на левую сторону этого окна. Рабочие выглядят так. Выбери одного из них.
tutorial 1,Good. And touch ground to make units MOVE.,좋아. 이제 땅을 터치해서 일꾼을 움직여보거라.,Bien. Toca el suelo para hacer que la unidad se MUEVA.,Хорошо. Теперь коснитесь земли` чтобы отдать приказ юнитам 'ДВИГАТЬСЯ'
tutorial 2,And use your two fingers to move the view.,두 손가락으로 화면을 움직일 수도 있어.,Y usa tus dos dedos para mover la cámara.,Используйте два пальца` чтобы переместить камеру.
tutorial 3,Very good. He can gather gold. Find a gold mine. And send the selected worker to the mine. A mine looks like this. If you are confused. Just select a worker and select the mine. That’s it.,아주 좋아. 일꾼은 금을 캘 수 있단다. 금광을 찾아서 일꾼에게 일을 시키렴. 어떻게 하냐구? 간단해. 일꾼 선택하고 금광을 선택하면 된다다. 금광은 이렇게 생겼단다.,Muy bien. Puede recoger oro. Encunetra una mina y envía al trabajador seleccionado a la mina. Por si estás un poco perdido` una mina es así. Solo selecciona un trabajador y selecciona la mina. Eso es.,Отлично. Он может собрать золото. Найдите золотой рудник. И отправить выбранного работника на шахту. Она выглядит вот так. Просто выберите рабочего и выберите шахту. Вот так` да.
tutorial 4,Oh dear. You are good at this. aren’t you? Allll right. Now send worker to a tree. He can gather lumber as well. Make sure you checked the axe icon above the lumber you touched. It is just annoying when you find a worker resting under the tree forever!,오 마이! 정말 잘하는구나! 그래` 좋았어! 이제 놀고 있는 일꾼을 선택해서 나무를 해보자꾸나. 일꾼을 선택하고 나무를 선택하면 돼. 나무 위에 도끼 모양이 나타나야 제대로 일을 시작한거야. 가끔 나무 밑에서 놀고있는 일꾼들을 보면 화가 치밀어오르지!,Oh` cariño. Se te da bien` ¿a que sí? Muyyy bien. Ahora envía a un trabajador a un árbol. También puede recoger madera. Asegúrate de que el icono de un hacha aparece sobre el árbol que has tocado. ¡Molesta encontrarse a los trabajadores descansando a la sombra de un árbol!,О` Боже. Ты хорош в этом. Не так ли? Отлично. Теперь отправьте рабочего к дереву. Он также может собирать древесину. Убедитесь` что вы отметили значок топора над древесиной` к которой вы прикоснулись. Не круто` когда ты находишь работника` который вечно отдыхает под деревом вместо работы!
tutorial 5,Goooood. Now. Let’s try building a farm. People must eat. The more farm you have. The more people you can get. Select the worker and select the build icon.,쪼오아. 이제 농장을 하나 지어볼까? 더 많은 인구를 확보하려면 농장이 많아야 한단다. 먹어야 살 것 아니니? 끌끌끌. 일꾼을 선택하고 건설 아이콘을 선택해보려무나.,Bieeeeen. Ahora construyamos una granja. La gente tendrá que comer` ¿no?. Cuantas más granjas tengas` más gente podrás tener. Selecciona un trabajador y selecciona el icono para construir.,Хоороошооо. Сейчас. Давайте попробуем построить ферму. Люди должны есть. Чем больше у вас ферм` тем больше людей вы можете получить. Выберите рабочего и выберите значок сборки.
tutorial 6,Then select the farm. Look at the left. Farms look like this. Let’s build one.,이제 농장을 선택해보렴. 농장은 왼쪽의 그림처럼 생긴 건물이란다. 하나 지어보자꾸나.,Ahora selecciona la granja. Mira a la izquierda. Las granjas son así. Construyamos una.,Затем выберите ферму. Посмотрите налево. Фермы выглядят так. Давайте построим одну.
tutorial 7,Alll righty. Why don’t we try building a barracks. You can train swordsmen and archers from barracks. Try building this one. Do you see the building on the left?,잘 하고 있어! 이제 병영도 하나 지어볼까? 병영에서는 검사나 궁수 같은 병력들을 생산할 수 있단다. 하지 지어보자꾸나. 왼쪽에 그림이 보이지? 저렇게 생긴걸 하나 만들어보려무나.,Muy bien. ¿Por qué no probamos a construir un cuartel? En ellos puedes entrenar a espadachines y a arqueros. Prueba a construir este. ¿Ves el edificio a la izquierda?,Окей. Почему бы нам не попробовать построить казарму. Вы можете обучать мечников и лучников в казармах. Попробуйте построить её. Вы видите здание слева?
tutorial 8,Perrrrfect. Let’s train a swordsman. Select the barracks that you just build. And select a swordsman to train.,완벽해! 이제 검사를 한 명 뽑아보렴. 방금 지은 병영을 선택하고 검사를 선택하면 돼! 아주 쉽지?,Perrrrrfecto. Vamos a entrenar a espadachines. Selecciona el cuartel que acabas de construir y un espadachín al que entrenar.,Отлично. Давайте обучим мечника. Выберите казармы` которые вы только что построили. Затем выберите мечника для тренировки.
tutorial 9,Oh my goodness! You are reeeeally talented! Now. I have a last thing to teach you. DRAG to select MULTIPLE units.,옴마나 세상에! 아주 능숙하구나. 역사에 이름을 남길만한 인물이 여기 있구나! 이제 거의 마지막이다. 한 손가락으로 화면을 쓸어서 여러명의 병력을 선택해보거라.,¡Dios mío! ¡Tienes talento! Bien` tengo una última cosa que enseñarte. ARRASTRA para seleccionar MÚLTIPLES unidades.,Боже мой! Вы действительно талантливы! Сейчас. У меня есть последняя вещь` чтобы научить вас. Потяните` чтобы выбрать НЕСКОЛЬКО единиц.
tutorial 10,Alrighty. Then double tap ground to make unit MOVE and ATTACK.,좋아! 이제 빈 땅을 더블탭해보거라! 어택땅이라고 하는데. 이게 아주 편해. 병사들이 이동하다가 적을 마주하면 자동으로 전투를 시작하지. 뭐? 알고 있다고?,Excelente. Ahora toca dos veces el suelo para hacer que la unidad se MUEVA y ATAQUE.,Хорошо. Затем дважды нажмите на землю` чтобы отдать приказ юниту 'ДВИЖЕНИЕ И АТАКА'.
tutorial 11,Ggggggreat. No more words needed. Try finding out what you can do with what you got. The objectives are on the top left corner of the screen. Good luck. Sweat heart.,쪼아조아조아조아. 더 이상 말이 필요 없겠구나. 이제 나름의 방법으로 전장을 지휘하려무나. 화면 왼쪽 위에 임무 목표가 있으니 마음껏 즐기렴. 행운을 빌어주마.,Ggggggenial. No hay más que decir. Intenta averiguar qué puedes hacer con lo que tienes. Los objetivos aparecen en la esquina superior izquierda de la pantalla. Buena suerte` cariño.,Отлично. Довольно слов. Попробуйте выяснить` что вы можете сделать с тем` что у вас есть. Задания находятся в верхнем левом углу экрана. Удачи` дорогуша.
tutorialHowTo0,Select a worker,일꾼을 선택하세요,Selecciona un trabajador,Выберите рабочего
tutorialHowTo1,Touch ground to move selected worker,땅을 터치해서 선택된 일꾼을 이동하세요,Toca el suelo para que el trabajador seleccionado se mueva,Коснитесь земли` чтобы переместить выбранного рабочего
tutorialHowTo2,Drag screen with two fingers to move the view,두 손가락으로 화면을 쓸어서 시야를 이동하세요,Arrastra dos dedos por la pantalla para mover la cámara,Перетащите экран двумя пальцами` чтобы переместить камеру
tutorialHowTo3,Select a worker and select the mine,일꾼을 선택하고 금광을 선택하세요,Selecciona un trabajador y selecciona la mina,Выберите рабочего и выберите шахту
tutorialHowTo4,Select a worker and select a tree,일꾼을 선택하고 나무를 선택하세요,Selecciona un trabajador y selecciona un árbol,Выберите рабочего и выберите дерево
tutorialHowTo5,Select a worker and select the build icon,일꾼을 선택하고 건설 메뉴를 선택하세요,Selecciona un trabajador y selecciona el icono para construir,Выберите рабочего и выберите значок постройки
tutorialHowTo6,Build a farm,농장을 지으세요,Construye una granja,Построить ферму
tutorialHowTo7,Build a barracks,병영을 지으세요,Construye un cuartel,Построить казарму
tutorialHowTo8,Train a swordsman,검사를 생산하세요,Entrena a un espadachín,Обучить мечника
tutorialHowTo9,Drag screen with one finger to select multiple units,한 손가락으로 화면을 쓸어서 여러명의 유닛을 선택하세요,Arrastra un dedo por la pantalla para seleccionar a múltiples unidades,Проведите пальцем по экрану` чтобы выбрать несколько единиц
tutorialHowTo10,Double tap ground to command MOVE AND ATTACK to selected units,유닛을 선택한채로 땅을 더블탭하면 유닛이 이동하며 공격가능한 대상을 만나면 자동으로 공격합니다,Toca el suelo dos veces para ordenar MOVERSE y ATACAR a las unidades seleccionadas,Дважды нажмите на землю` чтобы отдать команду 'ПЕРЕМЕЩЕНИЕ И АТАКА' к выбранным единицам
objective build farm,Build farms,농장을 건설하라,Construye granjas,Построить фермы
objective build barracks,Build barracks,병영을 건설하라,Construye cuarteles,Построить казармы
objective train swordsman,Train swordsmen,검사를 생산하라,Entrena a espadachines,Обучить мечников
objective destroy them all,Destroy them all,적의 전멸,Acaba con todos,Уничтожить всех
objective survive,Survive for %d minutes,%d분 동안 살아남기,Sobrevive %d minutos,Продержаться %d минут
objective protect all,Protect your ally,동맹을 지켜라,Protege a tus aliados,Защити своего союзника
event0_0,hero>I know you’ve been waiting for today!,hero>칼란! 네가 오늘을 고대한 건 알고 있다!,hero>Se que llevas mucho esperando este momento.,hero>Я знаю` вы ждали этот день!
event0_1,hero>But today is not the day!,hero>하지만 오늘은 날이 아니야!,hero>¡Pero hoy no será el día!,hero>Но сегодня не он!
event0_2,orc>What?,orc>뭐? 왓? 뭐?,orc>¿Qué?,orc>Что?
event0_3,hero>There is a spooky plague that is spreading all over the land.,hero>대륙 전체에 기분나쁜 전염병이 돈다는 소문이다!,hero>Una plaga aterradora se propaga por todos lados.,hero>Жуткая чума распространяется по землям
event0_4,orc>Pleegooo?,orc>전병? 먹어?,orc>¿Plaajaaa?,orc>Чууууммма?
event0_5,hero>No. Plague. A sickness. They say this plague is dangerous as hell.,hero>아니. 전염병! 아픈 것 말이다! 한글 좀 더 배우렴! 이 전염병이 아주 위험하다고 한다!,hero>No. Plaga. Una enfermedad muy chunga.,hero>Да! Чума. Болезнь. Говорят` она смертоносна.
event0_6,hero>Soldiers must die at war. Not by plague.,hero>내 전사들의 마지막을 전염병으로 더럽히고 싶지 않다!,hero>Los soldados deben morir en la guerra` no por culpa de una plaga.,hero>Солдаты должны умерать на войне` а не от чумы.
event0_7,orc>What… are you say?,orc>뭐? 그래서? 뭐? 왓?,orc>¿Qué...tu diciendo?,orc>Что? Что ты сказал?
event0_8,hero>I say let’s postpone this war until Doctors find a cure.,hero>의사들이 해결책을 찾기 전까지 이 전투를 미루는 것이 어떤가?!,hero>Digo que pospongamos esta guerra hasta que los médicos encuentren una cura.,hero>Я говорю`давай отложим эту войну до тех пор` пока врачи не найдут лекарство.
event0_9,orc>That is dog speaking! Our troop strong. No sick endanger Orc.,orc>멍청한 소리! 오크 병사 강하다! 감기 따위 걸리지 않는다!,orc>Eso ser tonterías. Nuestra tropa ser fuerte. Ninguna enfermedad afectar orcos.,orc>Ты говоришь как трусливый пёс! Наш отряд силён. Мы не больны.
event0_10,hero>You don’t understand. The situ..,hero>감기가 아니라 전염병이라니까..,hero>No lo entiendes. La situa...,hero>Но вы не понимаете. Ситуация…
event0_11,orc>That is cow moo! Stop mooing! And stand there watch spank you!,orc>바보 소리! 대화 없다 필요! 싸운다 우리! 딱 기다려라!,orc>Ser bebé llorón. ¡Dejar de llorar! Y venir aquí para yo azotar a ti.,orc>Хватит мычать как корова! Я прихлопну тебя на месте!
event0_12,hero>Alright. Then let’s make it quick. How about a single combat? Just you and me.,hero>이대로 돌아갈 순 없다는 말로 알아듣겠다. 그럼 이건 어떤가? 너랑 나랑 둘이 결판을 내자. 길게 끌 필요 없잖아?,hero>Está bien. Pero rapidito. ¿Qué te parece un combate individual? Tu contra mi.,hero>Хорошо. Тогда давайте сделаем это быстро. Как насчет одного боя? Только ты и я.
event0_13,hero>Let’s not waste time and men.,hero>시간 낭비 하지 말자구.,hero>No perdamos tiempo ni hombres.,hero>Не будем тратить ни время` ни людей.
event0_14,orc>No! My troop want to war! Don't steal my troop’s war!,orc>안된다! 우리 오크들 기다렸다 이 날! 우리들의 즐거움을 가져가지 마라!,orc>¡No! Tropas mías querer guerra. No robar guerra a tropas mías.,orc>Нет! Мой отряд хочет войны! Не смей забирать войну у моего войска!
event0_15,undead>Well… well… well…,undead>그럼 그렇지…,undead> Vaya... Vaya... Vaya...,undead>Так-так-так…
event0_16,undead>You guys never learn.,undead>정말 너희들은 늘 똑같구나.,undead>Vosotros nunca aprendéis.,undead>Вы` ребята` никогда не учитесь.
event0_17,hero>Who are you?,hero>댁은 뉘슈?,hero>¿Quién eres?,hero>Кто ты?
event0_18,orc>…,orc>가면 멋있다! 나 주라!,orc>...,orc>…
event0_19,undead>I am no one.,undead>나말인가? 그저 스처가는 나그네라 하고 싶지만 이 너무나도 대화에 끼고 싶군.,undead>No soy nadie.,undead>Я никто
event0_20,hero>I recognize you. No way… You are..,hero>말도 안돼! 당신은 레밍…,hero>Me suenas. No puede ser... Tu eres...,hero>Я узнаю кто ты. О нет... Ты...
event0_21,undead>Hey` hey` hey. I just said I’m no one. Please. Don’t ruin the moment.,undead>헤이! 보이! 그건 중요치 않아. 과거의 내가 누구이건 간에 지금 사라져야 할 건 그대들이라는 거지.,undead>Ey` ey` ey. Acabo de decir que no soy nadie. No arruines el momento` por favor.,undead>Эй` эй` эй. Я просто сказал` что я никто. Пожалуйста. Не разрушай момент.
event0_22,orc>You talk much. You dead too.,orc>우오! 말 많다! 좀 맞자!,orc>Tu hablar mucho. Tu muerto también.,orc>Вы много говорите. Тебя я тоже убью.
event0_23,orc>OAAOAAOAAOAA!!!,orc>우오우오오우오!,orc>¡¡¡OAAOAAOAAOAA!!!,orc>Агрхгргхрг!!!
event0_24,undead>What are you OAAOAAOAAOAAing for?,undead>누구한데 우오우오오우오 거리는거야?,undead>¿Por qué haces eso?,undead>Для чего ты рычишь?
event0_25,orc>My troop kill you and stupid humans!,orc>우리 군대가 널 뭉개고 멍청한 휴먼도 뭉개버릴 것이다!,orc>Mi tropa matar a tu y a humanos estúpidos.,orc>Мой отряд убьет тебя и глупых людишек!
event0_26,hero>You look like Orc. My men will not give you a mercy. You should run.,hero>당신은 이제 휴먼족보단 오크에 더 가깝군요. 내 병력들은 당신을 오크라 생각할 겁니다. 위험하니 물러서세요.,hero>Te pareces a un orco. Mis hombres no tendrán piedad. Será mejor que te vayas.,hero>Ты выглядишь как орк. Мои люди не пощадят тебя. Ты должен бежать.
event0_27,undead>You two. What are you talking about? Your men are not here.,undead>너희 둘. 무슨 말을 하는거야? 도대체 어디에 너희 병력이 있다는 거야?,undead>¿De qué habláis vosotros dos? Vuestros hombres no están aquí.,undead>Вы двое. О чем вы говорите? Ваших людей здесь нет.
event0_28,hero>What?(yell),hero>뭐?(yell),hero>¿Qué?(yell),hero>Какого?(yell)
event0_29,orc>What?(yell),orc>왓?(yell),orc>¿Qué?(yell),orc>Что?(yell)
event0_30,hero>What happen to them?,hero>그들에게 무슨 일이 일어난거지?,hero>¿Qué les ha pasado?,hero>Что с ними произошло?
event0_31,undead>They are my men now.,undead>그들은 이제 내 병력들이야!,undead>Ahora son mis hombres.,undead>Теперь они мои люди.
event0_32,undead>Prepare.,undead>준비하거라!,undead>Preparaos.,undead>Готовься.
event0_33,undead>To be one of them.,undead>너희도 곧 같은 모습이 될테니.,undead>Para ser uno de ellos.,undead>Стать одним из них.
event0_34,undead>HAHAHAHHHAHAHHAHAHAHAHAHHAHAHAHAHAHAHAHAHAHAHAHAH..(yell),undead>무와하하하하하하하하핫하하하하하하하하하하하하(yell),undead>JAJAJAJJJAJAJJAJAJAJAJAJJAJAJAJAJAJAJAJAJAJAJAJA...(yell),undead>Хахахахахахахахахахахахахахахахахахаха(yell)
event1_0,hero>Give up. You failed.,hero>포기해라 레밍턴! 넌 실패했어!,hero>Ríndete. Has fracasado.,hero>Сдавайся! Ты проиграл.
event1_1,undead>What? Who said that?,undead>뭐? 누가 그래? 그리고 너 왜 반말이야?,undead>¿Qué?¿Quién ha dicho eso?,undead>Что? Кто это сказал?
event1_2,hero>Why? Do you have more zombies in your pocket?,hero>왜? 주머니에 좀비 좀 남아있어? 휴먼을 떠난 시점에서 존칭을 기대하진 말아야지.,hero>¿Qué pasa?¿Tienes más zombis en el bolsillo?,hero>Зачем? У вас в кармане есть ещё больше зомби?
event1_3,undead>You make a joke` now. Do you think you ended the war.,undead>농담도 하는 걸 보니. 꽤 여유롭구나. 왜? 니가 전쟁을 끝내기라도 한 것 같니?,undead>¡Qué gracioso! ¿Crees que has terminado la guerra?,undead>Ты шутишь что ли?! Думаешь` ты закончил войну?
event1_4,hero>No. I didn’t. We. We ended the war.,hero>내가 아니야. 우리가 끝낸거지. 휴먼족과 오크족이 말이야.,hero>No` yo no. Nosotros` nosotros la hemos terminado.,hero>Нет` не я. Мы! Мы закончили эту войну.
event1_5,orc>OAHOAHOHOAA!,orc>우오우오오우오오!,orc>¡OAHOAHOHOAA!,orc>Агрхгргхрг!!!
event1_6,hero>See?,hero>들었지?,hero>¿Ves?,hero>Видишь?
event1_7,undead>Ha!,undead>뭘?,undead>¡Já!,undead>Ха?
event1_8,undead>Like I said. You never learn.,undead>잘 들어봐. 정말 휴먼족과 오크족을 우리라고 말하고 싶은거야?,undead> Como ya dije. Nunca aprendéis.,undead>Как я и говорил. Вы никогда не учитесь.
event1_9,hero>What?,hero>무슨 말이지?,hero>¿A qué te refieres?,hero>Что?
event1_10,undead>Do you think the piece came to the world?,undead>휴먼족과 오크족이 평생 동맹이라도 할 줄 알았냔 말이야.,undead>¿Crees que hay paz en el mundo?,undead>Вы думаете это мир пришел в эти земли?
event1_11,hero>It is. Orc and Human are friend` now.,hero>물론이지! 나 이제 깨달아요~ 휴먼족과 오크족도 친구가 될 수 있음을~,hero>Ahora que orcos y humanos somos amigos` sí.,hero>Да. Орки и люди теперь друзья.
event1_12,undead>HAHAHAHAHAHAHAHA(yell),undead>푸하하하하하하하하!(yell),undead>JAJAJAJAJAJAJAJA(yell),undead>Хахахахахахахахахахахахахаха(yell)
event1_13,undead>Let me ask Orc if that is true.,undead>어디 오크족도 그렇게 생각하는지 물어볼까?,undead>Permíteme que le pregunte a los orcos al respecto.,undead>Позволь мне спросить Орка` правда ли это.
event1_14,undead>Hey pal. After you kill me` who do you want to kill next?,undead>거기 오크 친구. 자네가 날 죽이면 그 뒤엔 누구를 죽일건가?,undead>Ey` chaval. ¿A quién quieres matar después de acabar conmigo?,undead>Эй` приятель. После того как ты убьешь меня` кого ты хочешь убить следующим?
event1_15,orc>I kill you and pity annoying humans!,orc>너 죽는다 나한테! 그리고 휴먼족도 다 뭉개버린다!,orc>Yo matar a tu y luego matar a humano lamentable.,orc>Я убью тебя` а потом и этих жалких надоедливых людишек!
event1_16,hero>WhAT?(yell),hero>머라꼬?(yell),hero>¿Qué?(yell),hero>Что???(yell)
event1_17,undead>See?,undead>들었지?,undead>¿Ves?,undead>Видишь?
event1_18,hero>What are you talking about? We are friends` now.,hero>무슨 말이야? 이제 우린 동료잖아! 내 목숨까지 구해줬잖아?,hero>¿De qué estás hablando? Ahora somos amigos.,hero>О чем ты говоришь? Мы же друзья сейчас.
event1_19,orc>Bullshit! No friend become Human and Orc. Orc kill Human. Bad Human.,orc>강아지 풀 심는 소리! 오크족 휴먼족 친구 못한다! 휴먼족 나쁘다! 겁나 나쁘다!,orc>¡Paparruchas! No amigos entre orcos y humanos. Orco matar humano. Humano malo.,orc>Чушь собачья! Ни какой дружбы между орками и людьми. Орк убьют всех людей. Люди плохие.
event1_20,hero>Why is Human bad? You are the one who kills.,hero>왜 휴먼족이 나쁜거야? 틈만 나면 다 뭉개버리는 건 너희들이잖아!,hero>¿Por qué los humanos son los malos? Tu eres el que va matando por ahí.,hero>Почему это люди плохие? Вы же убийцы
event1_21,orc>Orc kill human. Because Human kill everything else.,orc>오크는 휴먼 뭉갠다! 왜냐하면 휴먼은 세상 모든걸 다 뭉개버리기 때문이다!,orc>Orco matar a humano porque humano matar todo lo demás.,orc>Орки убивают людей` потому что люди уничтожают всё на своём пути.
event1_22,hero>I have no idea what you are talking about.,hero>무슨 말인지 하나도 모르겠군.,hero>No sé de qué estás hablando.,hero>Понятия не имею` о чем ты говоришь.
event1_23,undead>See? You guys never learn. That’s why I wanted to bring end to the world.,undead>봤지? 너희들은 항상 똑같다니깐. 그래서 이 세상엔 리프뤠쉬가 필요한거야. 종말이 필요해.,undead>¿Ves? Nunca aprendéis. Por eso quería destruir el mundo.,undead>Видите? Вы` ребята` ничему не учитесь. Вот почему я собираюсь положить конец этому миру.
event1_24,undead>That is D only solution.,undead>그게 유일한 해결책이야.,undead>Esa es la única solución.,undead>Это единственно верное решение.
event1_25,undead>And it is still on the way.,undead>그리고 아직 진행중이지! 무와하!,undead>Y sigue siendo la única manera.,undead>И я все ещё в процессе.
event1_26,hero>He’s gone!,hero>가버렸어!,hero>¡Ya no está!,hero>Он ушел!
event1_27,orc>He died. Zombie died. Now human!,orc>레밍머시기 죽었다! 이제 휴먼 차례다! 거기 딱 서있어라!,orc>Muerto. Zombi muerto. Ahora humano.,orc>Он умер. Зомби умер. Теперь время умирать человеку!
event1_28,orc>OAHAOHAOAHOAHOAHOAHOAHOA!(yell),orc>우오우오오오오오!(yell),orc>¡OAHAOHAOAHOAHOAHOAHOAHOA!(yell),orc>Агрхгргхрг!!!(yell)
event1_29,hero>WAIT!(yell),hero>자..잠깐만!(yell),hero>¡Espera!(yell),hero>СТОЙ!!!(yell)